content,labels
快递 隔天就到 发 顺丰 ,配送快
轻薄 ,轻薄
炒鸡 棒 ,整体满意度佳
贼 好看 ,颜色外形美观
衣服 挺 厚 ,厚实
好 ,整体满意度佳
总体 满意 ,整体满意度佳
真 好看 ,颜色外形美观
舒服 ,舒适度佳
总 得 性价比 还 算 蛮 高 ,性价比高
很 好看 ,颜色外形美观
点 下 单 发货 超 快 ,发货快
码 刚刚 合适 ,尺码合适
码 包 得 很 舒服 ,舒适度佳
码 码 竟然 一样 大 ,尺码偏差
正品 ,原装正品
赞 ,整体满意度佳
号 正常 版 大小 正好 有点 宽松 ,尺码合适
号 款 大小 正好 有点 宽松 ,尺码合适
加 码 刚刚 好 ,尺码合适
穿 袖口 都 大 ,偏大
正品 ,原装正品
买 有点 大了 ,偏大
正好 ,尺码合适
穿着 也 大了 ,偏大
买 码 感觉 大了 ,偏大
很 合适 ,尺码合适
穿 刚刚 好 ,尺码合适
穿着 特别 合适 ,尺码合适
钱 券 有点 小贵 很 快 就 到 账 ,性价比低
零分 钟 回 一次 话 不 说 ,回复速度慢
号 尺码 很 标准 ,尺码合适
号 就 到 ,配送快
拍 号 就 到 ,配送快
多 偏小 ,偏小
买 码 刚好 ,尺码合适
都 穿 小 ,偏小
穿 码 正 合适 ,尺码合适
穿 码 合适 ,尺码合适
近 合适 ,尺码合适
双十一 买 很 划算 ,性价比高
双十一 划算 ,性价比高
双十一 活动 买 ,优惠活动
双十一 非常 划算 ,性价比高
穿 号 正好 ,尺码合适
件 衣服 号 正好 ,尺码合适
穿 刚好 合身 ,尺码合适
刚刚 好 ,尺码合适
穿 合适 ,尺码合适
价格 是 真 便宜 ,性价比高
号 客服 态度 棒 棒 ,客服态度好
多 还 可以 ,整体满意度佳
刚好 ,尺码合适
打折 就 入手 ,优惠活动
穿 号 很 宽松 袖子 还 长 ,偏长
穿 刚好 ,尺码合适
穿 起来 还是 很大 ,偏大
穿 码 合适 ,尺码合适
穿 码 刚好 ,尺码合适
穿 还 很大 ,偏大
点 买 都 没 雨伞 送 ,期待赠品
买 最 大的 ,行为建议
穿 号 有点 短 ,偏短
穿着 正 合适 ,尺码合适
穿 正好 ,尺码合适
刚好 ,尺码合适
价格 降 得 太 夸张 ,价格波动
大小 合身 ,尺码合适
号 发货 号 物流 信息 卡 在 不 动 ,发货慢
天才 发货 ,发货慢
穿 码 正好 号 ,尺码合适
穿 合适 ,尺码合适
买 号 刚好 ,尺码合适
码 有点 勒 脖子 领口 做工 自己 看 ,做工粗糙
穿 号 刚刚 好 ,尺码合适
号 刚好 ,尺码合适
还是 值得 买 ,性价比高
穿 正好 ,尺码合适
穿 上 领子 有点 大 ,偏大
码 合适 ,尺码合适
号 很 合适 发货 超 快 ,尺码合适
码 正好 哈 烟 灰色 很 特别 折扣 也 划算 不 掉色 ,优惠活动
买了 号 挺 合适 ,尺码合适
体重 合适 好看 ,尺码合适
穿 一点点 长 ,偏长
码 合适 ,尺码合适
选 尺码 感觉 仍然 大 ,偏大
裤腿 宽 了点 ,偏宽
买了 刚刚 好 ,尺码合适
刚刚 好 ,尺码合适
高 穿 刚好 ,尺码合适
略 紧 快递 很 快 ,配送快
九九 还 不错 ,整体满意度佳
九九 价钱 做工 竟然 差 ,做工粗糙
天 降 ,价格波动
脚 拍 码 正好 ,尺码合适
穿 正好 ,尺码合适
穿 起来 微 大 ,偏大
买 号 合身 ,尺码合适
感觉 有点 大 ,偏大
刚好 ,尺码合适
码 刚好 ,尺码合适
宽松 很 舒服 ,宽松
宽松 很 舒服 ,舒适度佳
尺寸 合适 宽松 款 仅 供 参考 ,尺码合适
大小 很 合适 ,尺码合适
正好 ,尺码合适
腰 稍微 大了 不过 不 碍事 有 松紧 带 ,偏大
穿 最 号 还是 有点 大 ,偏大
穿 码 ,尺码合适
穿 刚刚 好 ,尺码合适
穿 码 合适 ,尺码合适
腰 粗 圆 胸 围 合适 腰 略 松 正常 身材 可以 ,尺码合适
尺寸 完美 ,尺码合适
穿 刚好 合适 ,尺码合适
穿 宽松 ,宽松
刚好 在 小一码 也 行 ,尺码合适
合适 ,尺码合适
穿 略微 有点 小 ,偏小
穿 正好 ,尺码合适
有点 大了 ,偏大
有点 大了 很 薄 总体 可以 ,偏薄
穿着 合适 ,尺码合适
穿 号 正 合适 ,尺码合适
码 可以 穿 ,整体满意度佳
很 合身 ,尺码合适
穿 正好 ,尺码合适
刚好 想 宽松 可以 码 不过 款型 比较 长 快递 速度 真的 快 ,尺码合适
刚好 想 宽松 可以 码 不过 款型 比较 长 快递 速度 真的 快 ,配送快
刚好 ,尺码合适
买 大小 正 合适 ,尺码合适
买 一如既往 好看 ,颜色外形美观
软软 好 舒服 顺丰 物流 很 给力 ,舒适度佳
软软 好 舒服 顺丰 物流 很 给力 ,配送快
号 舒服 不 粘 身 喜欢 黑色 耐脏 又 酷 ,耐脏
刚刚 好 软软 很 舒服 好看 ,尺码合适
刚刚 好 软软 很 舒服 好看 ,舒适度佳
刚刚 好 软软 很 舒服 好看 ,颜色外形美观
号 正好 ,尺码合适
号 衣服 肩 略 小 不算 特别 宽松 ,偏小
高 很 合适 有 富裕 ,尺码合适
号 基本 合身 略 宽松 ,宽松
尺码 合适 ,尺码合适
买了 号 正好 ,尺码合适
还 送 帽子 很 赞 ,促销赠品
大小 合适 ,尺码合适
选 码 腰 刚好 裤腿 有点 长 准备 自己 截 ,偏长
很 合适 略 宽松 ,尺码合适
买了 合身 ,尺码合适
买 刚刚 好 ,尺码合适
码 完美 ,尺码合适
穿 号 觉得 还 挺 合适 ,尺码合适
刚刚 好 ,尺码合适
可以 背 ,整体满意度佳
号 正 合适 ,尺码合适
确实 有点 短 ,偏短
穿 有点 大 ,偏大
身高 体重 码 刚刚 好 ,尺码合适
穿 正好 颜色 很 美腻 ,尺码合适
穿 正好 颜色 很 美腻 ,颜色外形美观
码 刚刚 好 ,尺码合适
码 有点 宽松 偏大 就 不 换 ,偏大
大小 合适 不能 再 胖 ,尺码合适
正好 ,尺码合适
穿 款 号 正好 ,尺码合适
尺码 合适 ,尺码合适
买了 觉得 正好 ,尺码合适
穿着 正好 ,尺码合适
大了 一点点 ,偏大
正好 ,尺码合适
正好 ,尺码合适
穿 刚好 ,尺码合适
号 合适 ,尺码合适
穿 有点 大了 ,偏大
穿 有点 大了 衣服 很 好看 ,颜色外形美观
脱 时候 费劲 ,穿脱困难
正好 号 ,尺码合适
高 穿 号 正好 ,尺码合适
很 合适 ,尺码合适
号 才 发货 ,发货慢
很 合适 ,尺码合适
正好 感觉 袖子 有点 短 ,偏短
自己 选 码 合身 ,尺码合适
码 刚好 红 标 款 是 觉得 最好 看 ,尺码合适
码 刚好 红 标 款 是 觉得 最好 看 ,颜色外形美观
刚刚 好 ,尺码合适
合适 ,尺码合适
穿 合身 供 参考 ,尺码合适
穿 小 ,偏小
正 合适 ,尺码合适
买 码 真的 好大 ,行为建议
买 大了 ,偏大
约 穿 上 有点 想 衣 不过 很 好看 ,颜色外形美观
刚刚 好 ,尺码合适
码 有点 短 ,偏短
码 合身 ,尺码合适
穿 刚刚 好 ,尺码合适
正好 ,尺码合适
码 刚刚 好 ,尺码合适
穿 正好 ,尺码合适
购买 大小 合适 ,尺码合适
穿 码 正好 ,尺码合适
居然 合适 ,尺码合适
重 码 合身 还 能 套 衣服 尺码 很 对 ,尺码合适
穿 正 合适 ,尺码合适
大小 穿着 刚好 ,尺码合适
穿 码 刚刚 好 ,尺码合适
穿 码 刚刚 好 ,尺码合适
穿 超级大 ,偏大
买 很 合身 ,尺码合适
码 正好 ,尺码合适
穿 上 很 显瘦 又 有型 版型 真 好 面料 次 大爱 超赞 ,版型不错
尺寸 正好 很 好看 挺 难得 遇到 这样 立 领 ,尺码合适
尺寸 正好 很 好看 挺 难得 遇到 这样 立 领 ,颜色外形美观
体重 选择 码 刚刚 好 ,尺码合适
匀称 体型 穿 合适 ,尺码合适
匀称 体型 穿 码 刚 合适 ,尺码合适
表示 穿 刚好 ,尺码合适
身高 合适 ,尺码合适
穿 号 合适 ,尺码合适
码 推荐 给 码 什么鬼 ,业务知识欠缺
穿 正好 ,尺码合适
正好 ,尺码合适
不错 ,整体满意度佳
穿 码 非常 合身 ,尺码合适
刚好 ,尺码合适
合身 ,尺码合适
身材 均 穿 还 偏大 很多 可怕 码数 应该 是 正品 ,原装正品
尺码 刚好 ,尺码合适
穿 正好 ,尺码合适
号 正好 ,尺码合适
合身 ,尺码合适
号 正好 ,尺码合适
号 长 ,偏长
正好 ,尺码合适
刚好 合身 ,尺码合适
真 真 好 ,整体满意度佳
码 店 里 买 一样 大 ,与实体店不一致
穿 号 刚刚 合身 ,尺码合适
身高 穿 有点 短 ,偏短
穿 很 合适 ,尺码合适
合适 ,尺码合适
刚好 合身 不 紧 ,尺码合适
码 正好 ,尺码合适
可以 参考 ,整体满意度佳
腿 码 有点 短 ,偏短
穿 码 合身 ,尺码合适
正好 ,尺码合适
码 正好 ,尺码合适
算是 正好 ,尺码合适
买 刚好 ,尺码合适
码 大 ,偏大
码数 就 大 一点点 ,偏大
码数 稍微 大 一点点 ,偏大
身高 穿 码 竟然 还是 有点 长 ,偏长
正好 ,尺码合适
尺码 刚 合适 ,尺码合适
穿 号 正好 ,尺码合适
正好 ,尺码合适
非常 合身 ,尺码合适
大小 合适 ,尺码合适
很 合身 ,尺码合适
码 刚好 ,尺码合适
穿 码 正 合适 ,尺码合适
正好 挺 休闲 ,尺码合适
穿 号 刚刚 好 ,尺码合适
穿 号 很 合适 ,尺码合适
合适 ,尺码合适
身高 穿 码 还 长 ,偏长
居然 穿 码 还是 大 ,偏大
合身 舒服 ,尺码合适
合身 舒服 ,舒适度佳
正好 ,尺码合适
合身 ,尺码合适
码 也 合适 ,尺码合适
正好 ,尺码合适
穿 合适 ,尺码合适
穿 码 刚好 还是 不错 ,尺码合适
正 合适 ,尺码合适
号 可以 穿 膝盖 比较 合身 迷彩 绿 很 漂亮 ,尺码合适
号 可以 穿 膝盖 比较 合身 迷彩 绿 很 漂亮 ,颜色外形美观
穿 正 合适 ,尺码合适
模特 身材 比例 均 码 完美 仅 供 参考 ,尺码合适
穿 合适 ,尺码合适
体重 号 有点 小 ,偏小
码 非常 合身 ,尺码合适
穿 还有 点 大 ,偏大
老公 穿 刚刚 好 ,尺码合适
前来 报道 正 合适 ,尺码合适
穿 算是 正好 ,尺码合适
买 不错 ,整体满意度佳
穿 号 正 合适 ,尺码合适
穿 号 正好 ,尺码合适
款式 还 可以 ,设计好
男友 穿着 说 有点 大 ,偏大
正好 供 参考 ,尺码合适
码 正好 ,尺码合适
穿 最 大号 穿着 正好 ,尺码合适
身高 体重 码 挺 合适 ,尺码合适
都 比 背心 大多 ,偏大
穿 合适 ,尺码合适
肩 部位 穿 最 大号 合身 ,尺码合适
合身 衣服 质量 可以 ,做工优良
感觉 裤子 很大 ,偏大
正好 ,尺码合适
身高 挺 汉子 穿着 很 舒服 ,舒适度佳
买 很 划算 ,性价比高
大 促 就 好 ,整体满意度佳
日 降 到 ,价格波动
降价 伤 心 ,价格波动
高 尺码 合适 ,尺码合适
衣服 是 宽松 型 ,宽松
物流 超 快 ,配送快
快递 还 丢了 ,丢件
天 到 ,配送快
天 就 到 ,配送快
好 ,整体满意度佳
宝贝 穿 正好 ,尺码合适
买 有点 大 ,行为建议
穿着 也 大大 ,偏大
穿 号 都 显 大 ,偏大
破 裤子 还 不能 处理 ,处理不积极
多 价格 不 值得 ,性价比低
身高 穿 合适 ,尺码合适
穿 码 刚好 ,尺码合适
号 拍 今天就到 完美 ,配送快
码 刚刚 合适 ,尺码合适
码 正好 ,尺码合适
穿着 合适 ,尺码合适
正常 脚 合适 ,尺码合适
刚刚 好 ,尺码合适
小时 降价 ,价格波动
小时 就 到 ,配送快
码 刚刚 好 ,尺码合适
大小 正 合适 ,尺码合适
码 刚好 合适 ,尺码合适
码 大小 正好 ,尺码合适
码 太 大 ,偏大
码 很 舒适 ,舒适度佳
码 正好 ,尺码合适
合适 ,尺码合适
码 合适 ,尺码合适
码 正好 ,尺码合适
号 就 到 ,配送快
号 才 发货 ,发货慢
腰围 穿 刚好 ,尺码合适
九九 钱 买 垃圾 衣服 ,整体满意度差
九九 超 值 ,性价比高
就 到 ,配送快
刚好 ,尺码合适
还是 大 ,偏大
x 还是 有点 小了 ,偏小
天 就 到 ,配送快
天 就 到 ,配送快
天 就 到 很 快 包 是 正品 产地 泰国 ,原装正品
天 就 到 家 ,配送快
天 就 到货 ,配送快
腰围 裤 长 穿 很 合适 ,尺码合适
腰围 合 可以 穿 ,尺码合适
时间 就 到 ,配送快
鞋 非常 合适 ,尺码合适
码 合适 ,尺码合适
码 正好 ,尺码合适
没 弹性 ,弹性差
钱 性价比 太 高 ,性价比高
多 克 充绒量 厚实 ,厚实
多 性价比 非常 很 高 ,性价比高
码 偏大 一点点 ,偏大
码 合适 裤子 有 弹性 ,尺码合适
说 耐克 有 假 还 不 信 ,正品与否
买 不错 ,整体满意度佳
码 刚刚 好 ,尺码合适
码 比 平时 穿 尺寸 大一码 ,偏大
买 过来 还是 比较 大 ,行为建议
比 围度 稍 大 丢 ,偏大
度 舒适 ,舒适度佳
赞 ,整体满意度佳
合适 ,尺码合适
长 宽 都 适合 ,描述适合
买 到 真是 划算 ,性价比高
脚 穿 很 合适 ,尺码合适
码 正好 ,尺码合适
真 好看 ,颜色外形美观
脚 码 正好 ,尺码合适
码 很 合适 ,尺码合适
码 正好 = = 平时 一般 穿 ,尺码合适
码 脚 没 货 ,库存情况
会 更 舒适 上 脚 轻便 ,轻巧轻便
买 刚刚 好 ,尺码合适
码 鞋子 袜子 就 刚刚 好 ,尺码合适
脚 码 ,尺码合适
对 刚刚 好 ,尺码合适
活动 也 给力 ,优惠活动
点 尺码 正 合适 ,尺码合适
买 刚刚 好 ,尺码合适
泡沫 很 轻 ,轻巧轻便
码 刚刚 好 ,尺码合适
码 刚好 ,尺码合适
耐磨 ,耐磨
耐磨 不用 说 ,耐磨
都 有点 小 ,偏小
九九 洗 次 都 无法 接受 这样 掉色 ,掉色
穿 上 感觉 不是 很 好看 ,颜色外形欠佳
脚 穿 刚刚 好 ,尺码合适
码 刚好 合适 ,尺码合适
码 正好 nice ,尺码合适
码 脚 穿 码 刚刚 好 ,尺码合适
码 鞋 码 正 合适 鞋子 开始 穿 有点 脚背 比较 高 穿 有点 吃力 ,尺码合适
穿 长 一点点 ,偏长
合适 本人 ,尺码合适
正好 ,尺码合适
刚好 ,尺码合适
号 客服 服务 挺 好的 ,客服态度好
天 就 到 ,配送快
儿子 很 喜欢 ,整体满意度佳
月 初 就 降价 ,价格波动
买 贵 ,性价比低
多 点 正品 耐克 很 不错 ,原装正品
多 李宁 穿着 也 挺 舒服 ,舒适度佳
刚刚 好 ,尺码合适
刚好 ,尺码合适
竟然 还 大了 ,偏大
脚 穿 很 短 ,偏短
小了 退 换 ,偏小
码 很 合适 ,尺码合适
刚好 ,尺码合适
有点 小 换 刚好 ,偏小
略微 长 ,偏长
一样 可以 穿 ,整体满意度佳
脚 买 正好 合适 ,尺码合适
脚 穿 正好 合适 ,尺码合适
码 恰到好处 ,尺码合适
穿 感觉 微 微 偏大 ,偏大
脚 穿着 合适 ,尺码合适
鞋子 一天 开胶 假 ,正品与否
鞋子 一天 开胶 假 ,脱胶
指头 非常 合适 ,尺码合适
点 脚 穿着 合适 ,尺码合适
刚刚 好 ,尺码合适
码 鞋子 有点 小 ,偏小
衣服 很 好 很 正 太 贵 ,性价比低
刚刚 好 ,尺码合适
脚 穿着 正好 ,尺码合适
码 合适 ,尺码合适
码 正好 ,尺码合适
穿 上 合适 ,尺码合适
正 合适 ,尺码合适
号 舒 舒服 服 ,舒适度佳
码 够 长 ,偏长
穿 合身 ,尺码合适
很 有 弹性 ,弹性佳
还 没有 洗 很 有 弹性 服务 很 好 ,客服态度好
码 标准 尺码 ,尺码合适
码 非常 合适 ,尺码合适
穿 还 肥大 ,偏大
穿 刚好 ,尺码合适
九九 买 鞋子 奇 臭 无比 ,气味问题
九九 价格 觉得 贵 ,性价比低
九九 鞋子 还有 脚 臭 真是 遇见 有 种 被 坑 感觉 值得 谨慎 ,气味问题
号 客服 很 耐心 很 细致 ,客服态度好
号 正 合适 ,尺码合适
天 就 开胶 坏 ,脱胶
折 到 手 ,优惠活动
脚 多 正好 合适 很 合脚 ,尺码合适
码 非常 合适 ,尺码合适
多 买 很 值 ,性价比高
多 大 不 值得 ,性价比低
刚好 合适 ,尺码合适
款 穿 都 够 大了 ,偏大
感觉 合适 ,尺码合适
上身 偏 瘦 合身 ,尺码合适
上身 偏 瘦 穿着 合身 ,尺码合适
号 正好 ,尺码合适
给 参考 ,无效信息
折扣 买 ,优惠活动
买了 码 码数 正好 ,尺码合适
买 有点 大 ,行为建议
穿 很 合适 ,尺码合适
穿 正好 ,尺码合适
穿 码 居然 刚好 ,尺码合适
都 好 穿 ,尺码合适
刚好 ,尺码合适
穿 觉得 刚刚 好 ,尺码合适
码 正 合适 ,尺码合适
穿 码 还有 点 大 ,偏大
码 字 合适 ,尺码合适
还是 质量 好 ,做工优良
裤子 合适 ,尺码合适
太 大了 ,偏大
期待 活动 ,期待活动
正 合适 ,尺码合适
稍微 宽松 ,宽松
也 是 合适 ,尺码合适
超 好看 ,颜色外形美观
顺丰快递 果然 快 ,配送快
正品 没 错 很多 细节 都 可以 看出 来 ,原装正品
代 鞋底 比 代 更 舒服 ,舒适度佳
确实 就 大了 ,偏大
偏小 平时 穿 ,偏小
袜子 都 不如 估计 是 假 ,正品与否
分 好评 ,整体满意度佳
刚刚 好 ,尺码合适
刚刚 好 钱 货 贵 感觉 不一样 问 要 如何 清洗 ,尺码合适
问 要 如何 清洗 ,清洁保养
刚刚 好 鞋底 挺 软 挺 舒服 喜欢 ,柔软
刚刚 好 鞋底 挺 软 挺 舒服 喜欢 ,舒适度佳
刚好 ,尺码合适
刚好 大 好看 不 打滑 ,颜色外形美观
刚好 鞋子 很 轻 比较 柔和 就是 穿着 感觉 有点 倾 好评 ,尺码合适
刚好 鞋子 很 轻 比较 柔和 就是 穿着 感觉 有点 倾 好评 ,轻巧轻便
折扣 买 太 划算 ,优惠活动
鞋底 很 软 觉得 不错 就 没有 去 验 货 ,柔软
拿到 有点味 道 鞋底 很 软 觉得 不错 就 没有 去 验 货 ,气味问题
合适 ,尺码合适
回来 太 小 ,偏小
大了 还是 买 正常 码 就 行 ,偏大
大小 合适 ,尺码合适
大的 不是 一点点 ,偏大
好 有点 磨脚 ,磨脚
就 挺 合适 ,尺码合适
就 行 鞋子 很 舒服 很 棒 ,舒适度佳
尺码 正好 合脚 ,尺码合适
居然 也 有点 小 ,偏小
应该 是 正 正好 ,尺码合适
很 合脚 挺 喜欢 物流 真的 很 快 节假日 大 半个 中国 天 就 到 ,尺码合适
很 合脚 挺 喜欢 物流 真的 很 快 节假日 大 半个 中国 天 就 到 ,配送快
很 合适 ,尺码合适
感觉 还是 大了 ,偏大
感觉 还是 小了 ,偏小
感觉 还是 有点 小 ,偏小
就 合适 ,尺码合适
才 穿着 舒服 ,舒适度佳
折 超 划算 ,优惠活动
换 还是 挤 脚 ,舒适度欠佳
断 货 心酸 过 天 还 降价 ,库存情况
断 货 心酸 过 天 还 降价 十分 心酸 肥肠 心酸 ,价格波动
星 不 多 说 快 服务 好 ,客服态度好
星 不 多 说 快 服务 好 ,配送快
星 好评 ,整体满意度佳
星 尺码 正好 穿着 很 舒服 打 场 实战 还 不错 物流 很 好 非常 快 ,尺码合适
星 尺码 正好 穿着 很 舒服 打 场 实战 还 不错 物流 很 好 非常 快 ,舒适度佳
星 尺码 正好 穿着 很 舒服 打 场 实战 还 不错 物流 很 好 非常 快 ,配送快
春秋 穿 合适 ,尺码合适
月 日 就 到货 ,配送快
有 小了 ,偏小
有点 小 ,偏小
确实 有点 小了 ,偏小
有点 长 不过 还 行 ,偏长
正好 ,尺码合适
正好 ,尺码合适
没有 货 ,库存情况
也 刚好 ,尺码合适
买了 刚好 ,尺码合适
听 客服 买 很 舒服 ,舒适度佳
专柜 看 一样 都 有点 不 很 平 整 ,与实体店一致
库存 不 多 没有 换货 ,库存情况
没有 换货 大 走路 不会 掉 ,偏大
库存 不 多 没有 换货 大 走路 不会 掉 ,库存情况
感觉 刚刚 好 超级 感觉 挺 好 ,柔软
感觉 刚刚 好 超级 感觉 挺 好看 也好 穿 好评 ,颜色外形美观
正 合适 ,尺码合适
正好 ,尺码合适
顺风 老 快 ,配送快
码 正好 ,尺码合适
穿着 都 刚刚 好 ,尺码合适
耐克 正好 ,尺码合适
脚 穿 码 脚背 刚刚 好 ,尺码合适
脚 结果 还 夹脚 ,舒适度欠佳
脚 都 觉得 小 ,偏小
超 合适 ,尺码合适
还 小 ,偏小
都 大 得 穿不了 ,偏大
鞋 码 非常 合适 ,尺码合适
码 刚刚 合适 ,尺码合适
码 刚刚 好 ,尺码合适
码 刚刚 好 鞋子 确实 有点味 道 多 凉 会 也许 会 好 ,气味问题
码 很 合适 介于 间 脚 ,尺码合适
码 正 合适 ,尺码合适
码 没 货 拍 码 ,库存情况
码 还 蛮 合脚 ,尺码合适
码 都 可以 ,整体满意度佳
穿 也 只是 宽松 不算 很多 ,宽松
袜子 也 比较 厚 ,厚实
穿着 也 还 算 正好 快递 真的 是 超级 快 穿着 跑 一天 步 感觉 还 不错 ,配送快
穿着 大 ,偏大
穿着 贼 舒服 ,舒适度佳
穿 号 正好 ,尺码合适
结果 到货 试 还有 点 总体 上来 讲 蛮 不错 ,偏大
脚 瘦 就是 好 ,整体满意度佳
穿 正好 有 一点点 味道 不 影响 还是 很 舒服 ,舒适度佳
袜子 大了 码 ,偏大
换货 邮 递 也 是 顺丰 很 快 ,配送快
回 买 也 非常 合适 ,尺码合适
有点 大 ,偏大
都 偏小 ,偏小
都 可以 款式 怎么 觉得 长 不止 码 ,偏长
都 小了 挤 脚 ,偏小
体重 脂肪 多 穿 刚好 ,尺码合适
合身 ,尺码合适
码 刚好 ,尺码合适
穿 合适 ,尺码合适
选 码 大小 合适 ,尺码合适
多 买 艾格 裤子 好 划算 ,性价比高
价格 也 很 优惠 ,性价比高
六一八 买 才 很 值 ,性价比高
六一八 买 挺 值 ,性价比高
六一八 买 炒鸡 值 ,性价比高
快递 天 就 到 ,配送快
六一八 买 价格 挺 实惠 ,性价比高
六一八 买 便宜 ,性价比高
六一八 买 很 超 值 ,性价比高
六一八 买 最 值 东西 ,性价比高
六一八 买 老 划算 ,性价比高
六一八 价格 很 划算 ,性价比高
六一八 价格 比 平时 实惠 很多 ,性价比高
六一八 价格 给力 ,性价比高
六一八 价格 美丽 ,性价比高
六一八 价格 美腻 会 回购 ,意向顾客
六一八 优惠 力度 很大 ,优惠活动
六一八 做 活动 买了 仙人掌 图案 帆布 包 ,优惠活动
六一八 入手 超 划算 ,性价比高
六一八 划算 ,性价比高
六一八 半价 到 手 ,优惠活动
六一八 又 要 降价 ,价格波动
六一八 发货 慢 ,发货慢
六一八 打折 买 ,优惠活动
六一八 折扣 给力 ,优惠活动
六一八 时候 优惠 下来 钱 很 划算 老 爸 很 喜欢 ,性价比高
六一八 活动 买 ,优惠活动
六一八 活动 买 赚 到 ,优惠活动
六一八 活动价 九九 买 ,优惠活动
六一八 活动价 还是 挺 合算 ,优惠活动
六一八 活动 很 划算 ,优惠活动
六一八 活动 很 给力 ,优惠活动
六一八 活动 满减 非常 划算 ,优惠活动
六一八 活动 给力 ,优惠活动
六一八 价格 超 划算 ,性价比高
穿 上去 显得 特别 好看 ,颜色外形美观
六一八 节日 对折 很 划算 ,优惠活动
六一八 裤子 便宜 ,性价比高
六一八 超 划算 买了 样 ,性价比高
六一八 还 快 ,配送快
六一八 价格 超 值 ,性价比高
六一八 降价 多 ,价格波动
六一八 降价 ,价格波动
活动 买 ,优惠活动
号 挺 合适 ,尺码合适
码 很 合适 ,尺码合适
穿 很 合适 ,尺码合适
穿 正好 ,尺码合适
穿 刚好 ,尺码合适
穿 合适 ,尺码合适
选 码 很 宽松 ,宽松
可以 ,整体满意度佳
快递 给 满分 没 毛病 顺丰 就是 快 ,配送快
物流 快 ,配送快
穿 号 刚好 ,尺码合适
码 很 合适 很 不错 ,尺码合适
穿 很 合身 ,尺码合适
号 就 大 降价 ,价格波动
折 很 超 值 ,优惠活动
月 活动 入手 ,优惠活动
月 号 收到 货 月 就 九九 降 到 九九 ,价格波动
月 日 活动价 又 便宜 还 可以 满 减 ,优惠活动
月 日 运动 专场 活动 时 入 ,优惠活动
买 最 号 正好 ,尺码合适
很 合适 ,尺码合适
号 正好 ,尺码合适
刚好 码 ,尺码合适
号 很 合身 ,尺码合适
抢到 物美价廉 就 可以 纯棉 柔软 舒服 ,舒适度佳
码 正好 ,尺码合适
穿 很 合身 ,尺码合适
穿 码 很 修身 ,尺码合适
穿 正好 ,尺码合适
穿 合适 ,尺码合适
很 好 很 合适 ,尺码合适
刚好 ,尺码合适
大小 刚好 ,尺码合适
有 质量 好 ,做工优良
刚好 ,尺码合适
选 正好 ,尺码合适
可以 ,整体满意度佳
给 号码 表 不 准确 ,尺码偏差
码 小了 ,偏小
穿 尺寸 刚好 防震 效果 不错 ,尺码合适
穿 尺寸 刚好 防震 效果 不错 ,缓震
穿 码 很 合身 ,尺码合适
买 刚刚 好 ,尺码合适
体重 穿 正 合适 ,尺码合适
穿 正好 合身 ,尺码合适
穿 正好 ,尺码合适
刚好 ,尺码合适
穿 码 正 合适 ,尺码合适
穿 码 ,尺码合适
穿 号 正 合适 ,尺码合适
腰围 穿着 正好 ,尺码合适
号 就 到 东北 吉 林 市 真是 太 惊喜 ,配送快
尺码 穿 上 挺 合适 ,尺码合适
可以 穿 ,整体满意度佳
穿 码 刚好 ,尺码合适
穿 略 有点 小 ,偏小
穿 刚刚 好 ,尺码合适
很 合适 ,尺码合适
多 男生 用 有点 短 ,偏短
人 终于 找到 合适 裤子 ,尺码合适
穿 很 合适 ,尺码合适
体重 非常 合适 ,尺码合适
穿着 合适 ,尺码合适
当 外套 穿 特别 合适 ,尺码合适
码 蛮 合适 支撑 性 很 好 ,尺码合适
穿 码 ,尺码合适
选 正好 ,尺码合适
买 还是 大了 ,偏大
穿 刚好 ,尺码合适
穿 合身 ,尺码合适
买 穿着 正 合适 ,尺码合适
低于 五折 收 下 ,优惠活动
节 突然 看到 降价 ,价格波动
节日 折扣 ,优惠活动
都 优惠 到 多 ,优惠活动
降价 ,价格波动
袖口 特别 大 ,偏大
差价 商家 退 不 退 ,商家补偿
穿 刚刚 好 ,尺码合适
穿 合适 ,尺码合适
臀围 选 码 正 合身 ,尺码合适
九九 买 还 好 ,整体满意度佳
穿着 合适 ,尺码合适
值得 购买 ,性价比高
号 就 到 ,配送快
号 下 单 今天 就 给 到 真心 快 ,配送快
号 售后服务 很 到位 ,客服态度好
做工 不错 童 鞋底 不 防滑 ,抓地力差
做 最好 是 衣领 ,整体满意度佳
是 穿过 最 适合 最 舒服 牛仔裤 比 都 好 ,舒适度佳
库存 管理 还有 客服 都 让我 很 崩溃 ,库存情况
库存 管理 还有 客服 都 让我 很 崩溃 ,客服态度差
裤子 选 对了 码数 版型 都 很 好 ,版型不错
在 双十一 价格 力度 真的 比 平时 抵 多 ,优惠活动
牛仔裤 就是 好 穿 ,整体满意度佳
东西 一直 很 棒 ,整体满意度佳
东西 真的 很 好 ,整体满意度佳
牛仔裤 多 数 都 有 弹性 ,弹性佳
很 骚气 配色 脚感 也 很 舒适 有 溢胶 无 伤 大 雅 很 满意 ,舒适度佳
有 溢胶 无 伤 大 雅 很 满意 ,溢胶
气垫 走路 起来 脚 舒服 ,气垫效果好
穿 起来 还是 很 舒服 ,舒适度佳
也 是 一如既往 得 舒服 ,舒适度佳
服务 态度 真的 太 差 ,客服态度差
推荐 码数 很 合适 ,尺码合适
杯 不到 窝 终于 找到 合适 内衣 ,尺码合适
穿 合适 ,尺码合适
超级 喜欢 ,整体满意度佳
还 客服 很 耐心 ,客服态度好
很 合身 穿 超级 舒服 ,舒适度佳
售后 是 真的 好 ,客服态度好
比 正常 稍微 大 一点点 ,偏大
货 越南 产 ,产地信息
衣服 质量 一直 都 很 好 ,做工优良
cool 就是 有点 毡 毛 物流 超 快 第二天就到 不过 袜子 有点 缩水 ,缩水
cool 就是 有点 毡 毛 物流 超 快 第二天就到 不过 袜子 有点 缩水 ,配送快
最 爱 ,整体满意度佳
技术 的确 穿 上 很 凉爽 ,透气
ems 也 挺 快 ,配送快
ems 太 慢 ,配送慢
ems 居然 第二天就到 ,配送快
ems 很 快 下 单 一天 就 到 ,配送快
ems 慢 要 死 ,配送慢
ems 慢 ,配送慢
ems 简直 差劲 慢 到 死 ,配送慢
ems 非常 快 ,配送快
完全 不好 穿 ,穿脱困难
esprit 质量 还是 有 保证 ,做工优良
e 家 尺码 就是 难 解 谜 ,尺码偏差
服务 很 好 ,客服态度好
系列 都 不错 ,整体满意度佳
gou 屎 一样 服务 态度 ,客服态度差
guess 一直 都 喜欢 ,意向顾客
guess 版型 比 其他 品牌 好 ,版型不错
guess 产品 就是 好大 牌 设计 超 值 价格 太 棒 ,性价比高
guess 版型 好 ,版型不错
guess 版型 很 好 ,版型不错
guess 牛仔裤 就是 非常 舒服 ,舒适度佳
guess 衣服 很 好 穿 也 很 好看 ,颜色外形美观
guess 质量 挺 好的 ,做工优良
好 ,整体满意度佳
好 发货 就 慢 ,整体满意度佳
好 发货 就 慢 ,发货慢
好看 ,颜色外形美观
好看 ,颜色外形美观
白 略 硬 穿 太 热 ,偏硬
美丽 ,颜色外形美观
舒服 ,舒适度佳
非常 满意 ,整体满意度佳
holister 沙滩 裤 很 好看 ,颜色外形美观
价廉物美 ,性价比高
价廉物美 ,颜色外形美观
就是 舒服 ,舒适度佳
尺码 偏大 ,偏大
衣服 真的 很 好 很 舒服 ,舒适度佳
衣服 真的 特别 舒服 ,舒适度佳
衣服 真的 穿 上 软软 超 舒服 ,舒适度佳
喜欢 ,整体满意度佳
鞋子 好看 ,颜色外形美观
种 草 十分 十分 分 好看 ,颜色外形美观
打折 很 划算 ,优惠活动
果然 很 可以 ,整体满意度佳
款式 深 心 ,设计好
衣服 就是 好 ,整体满意度佳
衣服 总是 好看 ,颜色外形美观
系列 品牌 款式 时尚 做工 优质 ,做工优良
价格 太 划算 ,性价比高
工装 裤 版型 没的说 ,版型不错
衣服 比 质量 好 ,做工优良
顺丰快递 很 快 ,配送快
包装 造 工 真的 不一般 ,包装完好
特别 漂亮 ,颜色外形美观
不 厚 ,不厚
很 棒 ,整体满意度佳
很 喜欢 ,整体满意度佳
旗舰店 客服 都 很 不错 ,客服态度好
外套 是 欧 版 要 比 正常 号 大一号 换货 历程 不 回 首 ,偏大
喜欢 ,整体满意度佳
很 满意 ,整体满意度佳
穿 很 合身 ,尺码合适
试 还 行 ,整体满意度佳
上 还有 胶 ,溢胶
也 很 正品 ,原装正品
亲 反馈 一样 ,与详情页一致
色 应该 是 白色 结果 是 灰色 劣质 感觉 不知道 是不是 正品 ,正品与否
性感 爱 nike ,整体满意度佳
感觉 是 假 ,正品与否
感觉 质量 很 次 ,做工粗糙
做工 也 不 太 讲究 ,做工粗糙
还 会 褪色 ,掉色
颜色 搭配 好看 ,搭配性强
很 棒 ,整体满意度佳
号 刚刚 好 ,尺码合适
号 刚好 ,尺码合适
号 刚好 合身 ,尺码合适
号 正好 ,尺码合适
号 衣服 不大 ,无效信息
号 裤子 腰 有点 大 ,偏大
合适 ,尺码合适
客服 很 细心 认真 回答 问题 ,客服态度好
有点 挤 最好 大一号 不过 超 舒服 ,舒适度佳
正 合适 ,尺码合适
正好 ,尺码合适
比较 合身 ,尺码合适
正好 ,尺码合适
算 刚好 ,尺码合适
码 刚好 ,尺码合适
码 合适 ,尺码合适
码 正好 ,尺码合适
衣服 很 薄 ,偏薄
超 合适 ,尺码合适
还是 小了 点 ,偏小
鞋子 挺 轻 ,轻巧轻便
也 是 可以 ,整体满意度佳
刚刚 好 ,尺码合适
刚好 ,尺码合适
号 体重 穿 刚好 ,尺码合适
号 刚好 ,尺码合适
号 刚好 合适 ,尺码合适
号 合身 ,尺码合适
号 合适 ,尺码合适
号 大小 刚好 ,尺码合适
号 尽然 大 ,偏大
号 正 合适 ,尺码合适
号 正好 ,尺码合适
合适 ,尺码合适
相差 很多 有点 厚 ,偏厚
大小 合适 ,尺码合适
大 很多 ,偏大
感觉 还是 大了 欧 美 码 就是 大 很多 ,偏大
有 弹性 不 透 很 好 手感 很 舒适 ,弹性佳
有 弹性 不 透 很 好 手感 很 舒适 ,手感好
正 合 好 ,尺码合适
正好 ,尺码合适
比 想象 中 大 ,偏大
略 有点 小 ,偏小
合适 ,尺码合适
真的 小 ,偏小
码 ,尺码合适
码 也 非常 合适 ,尺码合适
码 修身 效果 ,尺码合适
码 修身 效果 ,版型不错
码 偏大 ,偏大
码 刚刚 好 ,尺码合适
码 刚好 ,尺码合适
码 刚好 合适 ,尺码合适
码 合适 ,尺码合适
码 合适 正好 ,尺码合适
码 合适 自己 ,尺码合适
码 孩子 穿 挺 合适 ,尺码合适
码 很 合适 ,尺码合适
码 正 合适 ,尺码合适
码 正好 ,尺码合适
码 刚好 ,尺码合适
码 完全 够 穿 ,尺码合适
码 稍微 大 ,偏大
码 本人 ,尺码合适
还是 大了 ,偏大
nice 正品 无异 ,原装正品
nice 不过 舒适度 一般 讲 真 ,整体满意度中
nice 女朋友 送 很 喜欢 准备 过 天 再 入手 件 唯一 缺点 有点 长 ,偏长
nice 女朋友 送 很 喜欢 准备 过 天 再 入手 件 唯一 缺点 有点 长 ,意向顾客
nice 很 薄 透气 ,透气
nice 挺 好的 ,整体满意度佳
nice 绝对 可以 ,整体满意度佳
nice 质量 棒棒哒 ,做工优良
踩 开 气垫 感觉 明显 ,气垫效果好
nike 一如既往 好 ,整体满意度佳
nike 不错 ,整体满意度佳
nike 做工 真 不敢恭维 超级 差 ,做工粗糙
nike 做工 越来越 差 鞋 不 产 有点 略 大 ,做工粗糙
nike 勾 上 有 污点 ,存在污渍
nike 喜欢 很多 ,整体满意度佳
nike 好的 没得说 快递 也 很 快 好评 ,配送快
nike 官方旗舰店 相信 是 正品 ,原装正品
nike 官网 质量 也 不用 说 顺丰 包邮 好评 ,做工优良
nike 家 凉 鞋 一直 偏大 ,偏大
nike 就是 好 ,整体满意度佳
nike 店 服务 一如既往 好 ,客服态度好
nike 物流 很 快 ,配送快
nike 做工 真是 越来越 差 ,做工粗糙
nike 包装 都 很 不错 ,包装完好
nike 客服 不咋地 ,客服态度差
nike 客服 也 都 很 好 很 耐心 ,客服态度好
nike 技术 做工 ,做工优良
nike 服务 真心 没的说 ,客服态度好
nike 物流 是 真的 快 ,配送快
nike 衣服 版型 就是 好 ,版型不错
nike 质量 就是 好 ,做工优良
nike 质量 没的说 ,做工优良
nike 质量 肯定 放心 ,做工优良
nike 运动鞋 穿 码 ,尺码合适
nike 鞋 一直 会 是 备选 方案 ,意向顾客
nike 鞋子 还是 很 舒服 ,舒适度佳
nike 鞋 就是 有型 ,版型不错
nike 码 偏小 ,偏小
nike 舒服 应该 是 正品 ,原装正品
nike 质量 好 ,做工优良
nike 质量 还是 不错 ,做工优良
nike 还是 可以 ,整体满意度佳
nike 鞋 好 走 ,整体满意度佳
nike 鞋子 穿 起来 很 舒适 对得起 价格 ,舒适度佳
次 购买 ,意向顾客
刚刚 好 无 非常 舒适 ,尺码合适
刚刚 好 无 非常 舒适 ,舒适度佳
ok 习惯 好评 ,整体满意度佳
ok 合身 ,尺码合适
ok 能 说 蛮 贵 ,性价比低
应该 更 好看 ,颜色外形欠佳
价格 也 很 便宜 ,性价比高
系列 很 舒服 ,舒适度佳
本来 也 没 想 要 补 差价 ,商家补偿
鞋子 还 没收 到 就 降价 ,价格波动
客服 人员 回复 快速 ,回复速度快
尺码 不 准 ,尺码偏差
很 美貌 ,颜色外形美观
裤 长 稍 长 ,偏长
质量 非常 好 ,做工优良
系列 质量 又 好 又 舒服 ,做工优良
满意 ,整体满意度佳
一天 到 ,配送快
就是 快 ,配送快
很 快 ,配送快
速度 果然 不是 盖 ,配送快
速度 很 快 ,配送快
也 很 长 ,偏长
刚刚 好 ,尺码合适
刚好 ,尺码合适
的确 比 nike 其他 款 半号 ,偏小
版 版型 超级 好 性价比 最高 ,性价比高
很 赞 ,整体满意度佳
快 ,配送快
刚好 ,尺码合适
号 很 合身 ,尺码合适
号 偏大 穿 像 宇航员 ,偏大
号 刚好 ,尺码合适
号 合适 ,尺码合适
号 大小 正好 ,尺码合适
号 好 小 ,偏小
号 正好 ,尺码合适
号 就是 有点 大 ,偏大
号 都 很大 ,偏大
合身 ,尺码合适
合适 ,尺码合适
就 好 ,整体满意度佳
有点 大 ,偏大
正好 ,尺码合适
都 非常 大 ,偏大
真的 很 小 ,偏小
码 也 太 大了 ,偏大
码 偏小 ,偏小
码 刚刚 好 ,尺码合适
码 刚好 ,尺码合适
码 可以 穿 ,整体满意度佳
码 合适 ,尺码合适
码 大了 ,偏大
码 大小 合适 ,尺码合适
码 完全 不小 也 不 紧 ,尺码合适
码 宽容 合适 ,尺码合适
码 小了 换 码 很 薄 透 ,偏薄
码 小胸 穿 也 很 好看 ,颜色外形美观
码 还是 长 ,偏长
码 正 合适 ,尺码合适
码 正好 ,尺码合适
码 正 正好 ,尺码合适
码 还 偏大 ,偏大
码 还是 很 松 ,偏松
码 还是 有点 大了 ,偏大
码 适合 ,描述适合
穿 上去 都 感觉 比 买 过 其他 款 要 大 ,行为建议
都 大了 ,偏大
长度 合适 ,尺码合适
服务 也 很 好 ,客服态度好
穿 nike 毛 布 类 板 鞋 都 太 大 ,偏大
偏大 看好 再买 衣服 很 好 ,偏大
品质 很 棒 ,做工优良
太 小 穿 不 进去 ,偏小
不错 有点 弹性 ,弹性佳
偏长 ,偏长
大小 合适 ,尺码合适
很 有型 应该 是 正品 超级 喜欢 ,原装正品
料子 很 好 摸 着 很 舒服 就是 有 薄 感觉 男朋友 穿着 有点 漏 点 ,偏薄
料子 很 好 摸 着 很 舒服 就是 有 薄 感觉 男朋友 穿着 有点 漏 点 ,材质佳
显得 宽松 ,宽松
活动价 格 性价比 不错 ,优惠活动
面料 真的 很 舒服 ,材质佳
质量 很 不错 ,做工优良
旗 下 服装 质量 很 好 ,做工优良
一直 非常 喜欢 ,意向顾客
快递 很 快 ,配送快
好 鞋 物流 也 不愧 为 旗舰 ,配送快
发货 速度 真的 越来越 快 ,发货快
真的 很 棒 ,整体满意度佳
客服 很 耐心 ,客服态度好
太 棒 ,整体满意度佳
很 棒 ,整体满意度佳
的确 耐磨 ,耐磨
耐磨 橡胶 鞋底 偏硬 ,偏硬
耐磨 橡胶 鞋底 偏硬 ,耐磨
就 到 ,配送快
估计 更 舒适 本人 正常 脚型 ,舒适度佳
刚好 ,尺码合适
合适 ,尺码合适
正 合适 ,尺码合适
正好 ,尺码合适
比 弟弟 平常 买 还要 大 ,行为建议
比较 合身 略 宽松 ,宽松
码 合适 ,尺码合适
稍微 大了 ,偏大
穿着 有点 宽松 ,宽松
女生 可以 穿 ,整体满意度佳
也 偏大 ,偏大
偏小 ,偏小
刚刚 好 ,尺码合适
刚好 ,尺码合适
刚好 也 不 衣服 质量 挺 好的 ,做工优良
刚好 合适 ,尺码合适
刚好 挺 舒服 不 起球 双十一 能 理解 ,尺码合适
刚好 挺 舒服 不 起球 双十一 能 理解 ,舒适度佳
号 合适 ,尺码合适
合适 ,尺码合适
合适 服务 很 好 ,尺码合适
好 一般 舒适 可以 好 ,舒适度佳
很 合适 ,尺码合适
穿 都 感觉 有点 大 ,偏大
正好 ,尺码合适
码 正好 ,尺码合适
码 略 小 ,偏小
码 肩膀 刚 合适 ,尺码合适
稍微 小了 点 ,偏小
穿着 正 合适 ,尺码合适
超级 合身 ,尺码合适
还是 大了 不过 宽松 有 宽松 穿 法 终 大 促 很 划算 ,偏大
还是 大了 不过 宽松 有 宽松 穿 法 终 大 促 很 划算 ,性价比高
还是 很大 ,偏大
还是 有点 大了 ,偏大
都 大 ,偏大
都 大了 ,偏大
都 有点 大 之外 ,偏大
非常 合身 ,尺码合适
正好 ,尺码合适
不错 ,整体满意度佳
不错 物流 有待 改进 ,配送慢
很 好 ,整体满意度佳
跟 图片 一样 ,与详情页一致
鞋子 太 硬 ,偏硬
怀疑 买了 假 鞋 ,正品与否
很 舒服 ,舒适度佳
气垫 ,气垫效果好
气垫 很 棒 ,气垫效果好
回弹 效果 很 棒 ,弹性佳
值得 购买 ,性价比高
就是 出乎意料 地 小 ,偏小
发货 快 ,发货快
买 回来 试穿 着 还 真 有点 费劲 ,穿脱困难
剩下 都 挺 好的 鞋子 也 漂亮 ,颜色外形美观
开线 说 好 ,脱线
不过 总体 还是 蛮 满意 客服 态度 也 挺 好的 ,客服态度好
请 耐心 等待 回复 其实 都 不用 客服 人员 ,回复机械
简直 是 白菜 价 ,性价比高
东西 照片 有色 差 ,有色差
会 回购 款 ,意向顾客
客服 态度 非常 非常 差 ,客服态度差
鞋子 挺 好看 ,颜色外形美观
差评 差评 差评 差评 大写 加 粗 差评 ,整体满意度差
美滋滋 稍微 有点 偏小 ,偏小
收到 马上 打开 就 知道 是 正品 绝对 值得 ,原装正品
好看 ,颜色外形美观
差评 ,整体满意度差
赞 ,整体满意度佳
上 脚 就 感觉 很 舒服 ,舒适度佳
和平 时 穿 对比 明显 小了 很多 ,偏小
就 到 ,配送快
内裤 竟然 有 浮毛 ,掉毛
包装袋 都 没有 ,无品牌购物袋
字 好 正品 顺丰 发货 就 等 天 ,原装正品
字 帅 ,设计好
字 赞 ,整体满意度佳
东西 也 大 盒子 ,包装尺寸不合适
小 袋子 是 发票 ,发票问题
帽子 用 大 盒子 装 ,包装尺寸不合适
是 中国制造 ,产地信息
是 越南 制造 ,产地信息
就 到 ,配送快
特别 大的 箱子 送 来 ,包装尺寸不合适
鞋 盒子 那么大 箱子 装 ,包装尺寸不合适
买了 就 降价 ,价格波动
买 完 就 降价 ,价格波动
买 就 降价 多 ,价格波动
好看 ,颜色外形美观
件 好 长 ,偏长
件 衣服 用 大 盒子 ,包装尺寸不合适
件 穿 正好 ,尺码合适
价钱 货 褪色 严重 ,掉色
会 儿 就 脏 ,不耐脏
会 功夫 裤 定 磨 毛 片 ,不耐磨
会 发货 发错 ,错件
出 汗 就 滑 很 ,抓地力差
一分价钱一分货 鞋底 子 有点 硬 ,偏硬
钱 货 感觉 像 假 ,正品与否
都 好 ,整体满意度佳
都 很 好 ,整体满意度佳
刷 到 就 马上 下 单 穿 起来 很 舒服 ,舒适度佳
动 就 凉快 ,透气
多 钱 买 假 ,正品与否
袜子 用 大 盒子 装 ,包装尺寸不合适
鞋 卖家 用 很大 包装盒 ,包装尺寸不合适
鞋子 明显 压变形 ,变形
鞋 用 大的 纸 箱子 ,包装尺寸不合适
句 话 布料 真心 差 ,材质欠佳
只 变形 ,变形
只 喜欢 穿 华莱士 很 软 很 舒服 ,舒适度佳
只 溢胶 ,溢胶
只 磨脚 ,磨脚
只 脚 线头 有点 多 ,线头
只 袜子 有点 脏 ,描述耐脏
只 鞋 头 有 地方 胶 不是 很 严谨 ,脱胶
只 鞋子 上 有 线头 ,线头
只 鞋子 后跟 有 小块 磨损 ,不耐磨
只 鞋子 是 脏 ,描述耐脏
只 鞋 磨脚 ,磨脚
只 鞋 脏 ,描述耐脏
周 才 发货 ,发货慢
一味 机械 一样 ,回复机械
场 球 下来 就 磨 掉 ,不耐磨
钱 衣服 也 是 脏 ,描述耐脏
堆 污渍 ,存在污渍
股 胶味 ,气味问题
一天 回复 就 算 快 ,回复速度慢
一天 下来 旁 边 都 磨破 ,磨脚
一天 到 ,配送快
一天 到 东北 鞋子 也 很 舒服 就是 有点 不好 穿 略 紧 ,舒适度佳
一天 到 东北 鞋子 也 很 舒服 就是 有点 不好 穿 略 紧 ,配送快
一天 到 ,配送快
一天 到位 吸汗 效果 还 不错 ,吸汗
一天 到 手 ,配送快
一天 到 ,配送快
一天 到货 ,配送快
一天 到货 非常 好 ,配送快
一天 到 鞋子 也好 匹 简直 完美 ,配送快
一天 就 到 ,配送快
一天 多 就 到 ,配送快
一天 就 到 ,配送快
一天 就 到 ,配送快
一天 就 到 ,配送快
一天 就 到 ,配送快
一天 就 到 给力 ,配送快
一天 就 到 速度 很 快 衣服 有点 大 ,偏大
一天 就 到 速度 很 快 衣服 有点 大 ,配送快
一天 就 到 手 ,配送快
一天 就 到货 ,配送快
一天 就 到货 ,配送快
一天 就 有点 磨 起球 ,起球
一天 时间 就 到 ,配送快
一天 都 不到 就 到 ,配送快
套 搭 起来 很 好看 ,搭配性强
套 效果 不错 ,版型不错
套 薄薄的 穿着 肯定 特别 舒服 ,舒适度佳
一如既往 地 合身 舒适 ,舒适度佳
一如既往 地 好 ,整体满意度佳
一如既往 地 好评 ,整体满意度佳
一如既往 地 好 阿 ,整体满意度佳
一如既往 地 满意 ,整体满意度佳
一如既往 地 舒服 ,舒适度佳
一如既往 好 ,整体满意度佳
一如既往 好 客服 服务 非常 好 ,客服态度好
一如既往 好评 舒服 ,舒适度佳
一如既往 很 好 ,整体满意度佳
一如既往 感觉 好 ,整体满意度佳
一如既往 支持 保暖 ,保暖
一如既往 不错 ,整体满意度佳
一如既往 合脚 ,尺码合适
一如既往 喜欢 ,整体满意度佳
舒服 不要不要的 ,舒适度佳
一如既往 喜欢 继续 买 买 买 ,意向顾客
一如既往 好 ,整体满意度佳
一如既往 好 买 过 无数 次 都 挺 好 都 买 件 ,意向顾客
一如既往 好 品质 ,做工优良
一如既往 好 哈 感觉 穿着 最 舒服 喜欢 喜欢 喜欢 ,舒适度佳
一如既往 好好 ,整体满意度佳
一如既往 好 穿 ,整体满意度佳
一如既往 好评 ,整体满意度佳
一如既往 完美 ,整体满意度佳
一如既往 快 ,配送快
一如既往 快递 超 棒 ,配送快
一如既往 棒 ,整体满意度佳
一如既往 满意 ,整体满意度佳
一如既往 舒服 ,舒适度佳
一如既往 舒适 ,舒适度佳
一如既往 赞 ,整体满意度佳
一如既往 还 不错 ,整体满意度佳
字 肩 很 好看 ,颜色外形美观
字 肩 得 绝 美 搭配 ,搭配性强
字 肩 白 连 衣 裙 清新 又 凉爽 ,透气
一定 会 再次 光顾 ,意向顾客
一定 会 力 荐 真的 很 不错 款式 也好 看 ,设计好
一定 是 假货 ,正品与否
一定 是 正品 ,原装正品
一定 要 买 正码 ,行为建议
一定 要 半号 没有 给 开发 票 ,发票问题
一定 要 给 件 推荐 ,意向顾客
一定 要 给 快递员 好评 ,快递态度好
一家 不错 店 ,整体满意度佳
小块 污垢 ,存在污渍
小块 污渍 ,存在污渍
小时 回 句 ,回复速度慢
儿子 表示 太 小 ,偏小
并 赞 ,整体满意度佳
开始 不知道 是不是 正品 ,原装正品
开始 发货 很 慢 换 码数 发 顺丰 还 不用 钱 服务 很 好 ,客服态度好
开始 发货 很 慢 换 码数 发 顺丰 还 不用 钱 服务 很 好 ,发货慢
开始 味道 有点 大 就 好 ,气味问题
开始 寄 错 货 ,错件
开始 拍 小了 码 ,行为建议
开始 挺 舒服 ,舒适度佳
开始 有点 掉毛 ,掉毛
开始 穿 太 磨脚 其他 都 还 好 ,磨脚
开始 穿 有点 硬 ,偏硬
开始 被 尺码 对照表 误导 ,尺码偏差
开始 还 把 脚 后跟 磨破 ,磨脚
开始 还有 点 不 习惯 穿 天 还是 比较 舒服 ,舒适度佳
开 箱 就 股 浓 浓 塑料味 冲 出来 ,气味问题
开 箱 试穿 大小 正好 合脚 ,尺码合适
打开 股 子 塑料味 ,气味问题
打开 味道 好 重 ,气味问题
打开 塑料味 很 重 ,气味问题
打开 气味 很大 ,气味问题
打开 味 真的 太 大 ,气味问题
打开 鞋 盒 股 莆田 假 鞋 塑胶 味 面 袭 来 熏 得 ,气味问题
打开 鞋 盒 股 莆田 假 鞋 塑胶 味 面 袭 来 熏 得 ,正品与否
拆 盒子 就 味 冒 出来 ,气味问题
拿 回来 就 知道 是 假 ,正品与否
拿 就 下来 非常 刺鼻 气味 ,气味问题
搬 布料 薄 ,偏薄
摸 衣服 就 知道 是 正版 ,原装正品
收到 盒子 就 烂 成 这样 ,包装破损
收到 货 鞋带 就 掉线 ,脱线
不在 复盖 配送 范围 ,范围无法覆盖
星期 就 磨 得 不要不要的 ,不耐磨
是 脚掌 太 硬 ,偏硬
是 包裹 不 送 ,未送货上门
是 有点 磨 后跟 ,磨脚
就 到 ,配送快
有 活动 就 买 买 买 ,优惠活动
运动 裤 用 大的 盒子 装 ,包装尺寸不合适
一样 价格 跟 在 实体店 买 完全 不是 档次 ,与实体店不一致
一样 号 买 另 比 大了 ,偏大
一样 码 却 比 件 宽松 还 掉色 ,尺码偏差
一样 码 却 比 件 宽松 还 掉色 ,掉色
一样 舒服 ,舒适度佳
一样 舒服 ,舒适度佳
检查 鞋子 也 有 瑕疵 ,瑕疵
模 就是 正品 ,原装正品
一次 不错 购物 ,整体满意度佳
一次 买 有 活动 还是 很 划算 ,优惠活动
一次 买了 红色 也 很 好看 ,颜色外形美观
一次性 衣服 穿 一次 图案 就 裂 开 质量 很 差 ,做工粗糙
一次性 鞋 脚 刚 开始 适应 鞋 穿 星期 开胶 ,脱胶
一次 愉快 交易 ,整体满意度佳
一次 愉快 交易 ,整体满意度佳
一次 最 最 最 不 愉快 购物 ,整体满意度差
一次 满意 网购 ,整体满意度佳
一次 满意 购物 ,整体满意度佳
一次 满意 购物 女朋友 说 好看 就是 快点 慢 了点 ,颜色外形美观
一次 满意 购物 女朋友 说 好看 就是 快点 慢 了点 ,配送慢
一次 满意 购物 玩 板 穿 起来 很 舒服 ,舒适度佳
一次 非常 不 愉快 购物 ,整体满意度差
款 很 不错 包 包 ,整体满意度佳
段 时间 容易 闷 ,闷气
水 严重 掉色 ,掉色
泡 脸 盆 水 变 色 ,掉色
一波三折 最终 合适 ,尺码合适
洗 就 会 变 色 ,掉色
洗 掉色 ,掉色
不 透气 ,闷气
也 不好 ,整体满意度差
也 不舒服 脚 疼 死 疯 ,舒适度欠佳
也 不 重 ,无效信息
也 不 防滑 宝宝 很 容易 滑 倒 ,抓地力差
味道 都 没有 ,无异味
多 才 刷 到 库存 ,库存情况
大 ,偏大
差价 也 不 退 ,商家补偿
性价比 也 没有 ,性价比低
没有 味道 ,无异味
一点点 卷 边 收到 效果 薄 ,偏薄
一点点 大 ,偏大
一点点 溢胶 ,溢胶
一点点 瑕疵 ,瑕疵
礼品 不 送 让 人 失望 ,期待赠品
色差 也 没 ,无色差
色差 都 没 ,无色差
色差 都 没有 ,无色差
都 不 合脚 ,穿着不适
都 不 透气 ,闷气
喜欢 ,整体满意度佳
东西 连 包装袋 也 没有 ,无品牌购物袋
多 值 ,性价比高
一直 合适 ,尺码合适
一直 不 发货 ,发货慢
一直 不 给 发货 ,发货慢
一直 不 给 处理 ,处理不积极
一直 不 送 ,未送货上门
一直 买 很 喜欢 ,意向顾客
一直 买 这家 衣服 值得 推荐 ,意向顾客
一直 对 毛毛虫 系列 童 鞋 就 很 感 冒 都 很 喜欢 ,意向顾客
一直 都 很 好 ,整体满意度佳
一直 都 是 在 耐克 官方旗舰店 里 买 ,意向顾客
一直 都 是 在 耐克 旗舰店 里 买 ,意向顾客
一直 都 是 穿 耐克 鞋 ,意向顾客
一直 会 支持 下去 ,意向顾客
一直 信赖 nike ,意向顾客
一直 信赖 满意 ,整体满意度佳
一直 喜欢 ,意向顾客
一直 喜欢 ,意向顾客
一直 喜欢 客服 也 挺 好 ,客服态度好
一直 喜欢 款 舒适性 ,舒适度佳
一直 喜欢 品牌 ,意向顾客
一直 喜欢 牌子 ,意向顾客
一直 喜欢 穿 哥哥 得 ,意向顾客
一直 喜欢 耐克 品牌 ,意向顾客
一直 喜欢 耐克 ,意向顾客
一直 喜欢 系列 ,意向顾客
一直 喜欢 这家 ,意向顾客
一直 喜欢 鹰 东西 ,意向顾客
一直 在 家 买 内裤 ,意向顾客
一直 在 剁 ,意向顾客
一直 在 购买 ,意向顾客
一直 就 很 喜欢 汤 ,意向顾客
一直 就 想 找到 款 舒服 内衣 ,舒适度佳
一直 很 喜欢 ,意向顾客
一直 很 喜欢 包 ,意向顾客
一直 很 喜欢 穿着 很 舒服 衣服 很 漂亮 物流 给力 ,舒适度佳
一直 很 喜欢 穿着 很 舒服 衣服 很 漂亮 物流 给力 ,颜色外形美观
一直 很 喜欢 穿着 很 舒服 衣服 很 漂亮 物流 给力 ,配送快
一直 很 喜欢 家 衣服 ,意向顾客
一直 很 喜欢 家 衣 衣 ,意向顾客
一直 很 喜欢 内衣 ,意向顾客
一直 很 喜欢 维密 ,意向顾客
一直 很 喜欢 艾格 衣服 ,意向顾客
一直 很 喜欢 这家 店 衣服 ,意向顾客
一直 很 喜欢 这家 店 ,意向顾客
一直 很 喜欢 牛仔裤 穿 起来 型 很 好看 ,版型不错
一直 很 好 ,整体满意度佳
一直 很 棒 ,整体满意度佳
一直 很 满意 ,整体满意度佳
一直 想 买 白色 气垫 鞋 终于 有 号 ,库存情况
活动价 钱 又 划算 ,优惠活动
走路 超级 软 舒服 ,舒适度佳
一直 想 要 这样 款式 ,设计好
一直 感觉 在 跟 机器人 说话 ,机器人回复
一直 搞 自动 回复 打发 ,机器人回复
一直 支持 好评 ,整体满意度佳
一直 是 最 爱 ,整体满意度佳
一直 是 鹰 家 粉 ,意向顾客
一直 最 爱 ,整体满意度佳
一直 棒 棒 ,整体满意度佳
一直 没有 体会 到 突破 快感 ,配送快
一直 没 看到 合适 ,尺码合适
一直 没 货 ,库存情况
一直 热爱 詹姆斯 ,整体满意度佳
一直 爱 裤子 ,整体满意度佳
一直 爱 穿 ,整体满意度佳
一直 穿 牛仔裤 超 舒服 ,舒适度佳
一直 穿 他家 鞋 ,意向顾客
一直 穿 家 ,意向顾客
一直 穿 牌子 很 舒服 ,舒适度佳
一直 等 着 双十一 ,优惠活动
一直 自动 回复 ,机器人回复
一直 褪色 还有 掉毛 ,掉毛
一直 褪色 还有 掉毛 ,掉色
星期 显示 已经 签收 ,虚假签收
一直 都 不错 ,整体满意度佳
一直 都 喜欢 海鸥 ,意向顾客
一直 都 在 买 袜子 舒服 耐磨 ,耐磨
一直 都 在 买 袜子 舒服 耐磨 ,舒适度佳
一直 都 在 帮 解决 活动 小 麻烦 ,优惠活动
一直 都 在 这家 买 鞋 ,意向顾客
一直 都 很 好 ,整体满意度佳
一直 都 很 支持 nike 衣服 收到 弟弟 很 喜欢 就是 稍微 长 了点 ,偏长
一直 都 想 买 没 货 ,库存情况
搞 活动 买了 ,优惠活动
一直 都 是 致爱 ,整体满意度佳
一直 都 是 棒棒哒 ,整体满意度佳
一看 到 就 很 喜欢 比 预想 小 软软 很 能 装 东西 没 异味 挺 好的 ,偏小
一看 到 就 很 喜欢 比 预想 小 软软 很 能 装 东西 没 异味 挺 好的 ,无异味
一看 就 像 新 正品 ,正品与否
一看 就是 假货 ,正品与否
一看 就是 正品 ,原装正品
一看 就是 盗版 ,正品与否
一看 有 活动 就要 买 ,优惠活动
一看 版型 就 知道 质量 好 没 异味 ,做工优良
一看 面料 就 知道 会 起毛 ,起球
眼 就 能 看出 质量 很 好 ,做工优良
碰 水 就 掉毛 ,掉毛
一级 棒 ,整体满意度佳
一级 棒 酷 ,整体满意度佳
一级 棒 舒服 ,舒适度佳
股 假货 味道 ,气味问题
股 假货 味道 ,正品与否
股 刺鼻 味道 ,气味问题
股 劣质 塑料味 ,气味问题
股 化纤 味 ,气味问题
一股味 ,气味问题
一股味 道 ,气味问题
一股味 道 应该 库存 很 久 ,气味问题
股 塑料味 ,气味问题
股 塑胶 味 ,气味问题
股 廉价 鞋 朔料 味 ,气味问题
股 很 重 塑料味 ,气味问题
股 浓 浓 胶水 味 ,气味问题
股 浓 浓 臭 味 儿 ,气味问题
股 浓烈 劣质 奶 味 ,气味问题
股 烟 味 ,气味问题
股 胶味 ,气味问题
股 辣鸡 胶水 味道 ,气味问题
股 鬼 味 儿 ,气味问题
脚 掉 全 毛 ,掉毛
脱 袜子 尽 满 脚 扣 脚趾 缝 黑 毛 ,掉毛
一般 ,整体满意度中
一般 没有 想象 中 好 ,整体满意度中
一般 一般 ,整体满意度中
一般 一般 不咋地 ,整体满意度差
一般 不好 不 坏 ,整体满意度中
一般 不是 很 好 ,整体满意度中
一般 不是 很 惊艳 ,整体满意度中
一般 不 给 差评 ,整体满意度差
一般 不 耐磨 ,不耐磨
一般 不 耐磨 ,整体满意度中
一般 ,整体满意度中
一般 价格 还 贵 ,整体满意度中
一般 偏小 ,偏小
一般 偏小 ,整体满意度中
一般 偏小 一般 ,偏小
一般 像 男 鞋 并不 是 很 喜欢 鞋 码 正常 看 评论 拍 码 ,尺码合适
一般 化 ,整体满意度中
一般 化 没 想象 完美 凑合 ,整体满意度中
一般 合适 有 弹性 舒适 不 透明 ,尺码合适
一般 ,整体满意度中
一般 儿子 说 还 行 ,整体满意度佳
一般 太 薄 ,偏薄
线头 也 都 很多 ,线头
一般 没有 惊喜 越南 穿 穿 看看 ,整体满意度中
一般 舒适度 一般 外观 一般 ,整体满意度中
鞋子 有点 不好 洗 ,清洗不便
一般 鞋子 有点 不好 洗 ,整体满意度中
一般 鞋底 太 硬 ,偏硬
一般 ,整体满意度中
一般 太 短 ,偏短
一般 好看 ,颜色外形美观
一般 好 穿 大小 合适 ,尺码合适
一般 尺码 都 偏大 ,偏大
一般 尺码 都 偏大 脚掌 压 疼 跑 塑胶 跑 道 ,舒适度欠佳
一般 情况 ,整体满意度中
一般 情况 给 好评 ,整体满意度佳
一般 感觉 不是 正品 ,正品与否
一般 衣服 要 穿 买了 都 很 宽松 ,宽松
一般 把 飞 人 乔丹 上 有 瑕疵 ,瑕疵
一般 把 飞 人 乔丹 上 有 瑕疵 ,整体满意度中
款式 不是 很 理想 ,设计差
一般 没有 弹性 一般 裤 脚 太 长 要 修改 ,弹性差
一般 ,整体满意度中
一般 很 ,整体满意度中
一般 稍 难看 ,颜色外形欠佳
一般 稍 难看 ,整体满意度中
一般 脚 穿 进去 都 费力 ,穿脱困难
一般 舒适 不 透明 有 弹性 合适 ,尺码合适
一般般 ,整体满意度中
一般般 一般般 ,整体满意度中
一般般 不 怎么 好看 ,颜色外形欠佳
一般般 不 怎么 好看 ,整体满意度中
一般般 ,整体满意度中
一般般 不是 好 ,整体满意度中
一般般 压 脚背 穿着 有点 不舒服 不过 还 挺 好看 ,舒适度欠佳
一般般 压 脚背 穿着 有点 不舒服 不过 还 挺 好看 ,颜色外形美观
一般般 失误 ,整体满意度中
一般般 舒适度 没那么好 ,舒适度欠佳
一般般 舒适度 没那么好 ,整体满意度中
一般般 实体店 料子 不一样 ,与实体店不一致
一般般 ,整体满意度中
一般般 就是 步 爱 沾 灰 不知道 是不是 真的 ,整体满意度中
一般般 感觉 ,整体满意度中
一般般 感觉 不是 正品 ,正品与否
一般般 没什么 好的 ,整体满意度中
一般般 没有 钱 鞋 样子 ,整体满意度中
版型 不 太 好看 ,版型问题
版型 不 怎么 好看 ,版型问题
一般般 感觉 ,整体满意度中
一般般 ,整体满意度中
一般般 肥 穿 不是 很 舒适 ,舒适度欠佳
一般般 肥 穿 不是 很 舒适 ,整体满意度中
一般般 胸垫 不舒服 ,舒适度欠佳
一般般 脚感 比较 单 薄 ,偏薄
一般般 脚感 比较 单 薄 ,整体满意度中
一般般 脚 胖 就 算 ,整体满意度中
一般 货 ,整体满意度中
一般 跟 想象 中 差距 有点 大 ,整体满意度中
一般 还 不错 ,整体满意度中
一般 百搭 款式 ,搭配性强
一般 都 是 十分 钟 回 ,回复速度慢
一般 重点 是 买 完 就 降价 ,价格波动
一般 款 羽绒服 没有 长 ,偏长
记 好评 送 上 ,整体满意度佳
试 就 知道 不是 正品 ,正品与否
试 松紧 正 合适 ,尺码合适
一贯 好 穿 ,整体满意度佳
一贯 好 ,整体满意度佳
一贯 好评 ,整体满意度佳
一贯 轻快 ,轻巧轻便
一起 买 另 件 红色 严重 掉色 ,掉色
一问三不知 ,业务知识欠缺
问问 半天 没 人 搭理 ,回复速度慢
闻 味道 就 知道 是 正品 ,原装正品
造型 ,颜色外形美观
星 给 服务 ,客服态度差
七折 ,优惠活动
字 太 好 ,整体满意度佳
九折 购入 ,优惠活动
件 穿 下来 感觉 款式 最 最 舒服 ,舒适度佳
件 装 划算 又 好 搭配 ,性价比高
都 是 开线 ,脱线
天 不到 就 到 ,配送快
天 就 到 ,配送快
天 就 到 ,配送快
天 就 开胶 ,脱胶
天 掉线 ,脱线
天 都 不 带 回 消息 ,回复速度慢
家 服务 态度 都 非常 差 ,客服态度差
都 很 合适 ,尺码合适
瓶 中 最 喜欢 ,整体满意度佳
多 钱 超 值 ,性价比高
上 公共 厕所 很 容易 滑 倒 ,抓地力差
打折 买 ,优惠活动
上图 赞 ,整体满意度佳
上 效果 好 ,版型不错
上档次 美 翻 ,设计好
买 合身 ,尺码合适
买 也 是 溢胶 ,溢胶
买 运动 裤 也 像 假货 ,正品与否
买了 有点 偏长 ,偏长
内衣 都 染色 ,掉色
在 专卖店 买 有 这样 味道 ,气味问题
拍 觉得 舒服 再来 拍 ,舒适度佳
有 鞋 质量 问题 店 里 直接 给 退款 ,做工优良
来 晚 步 没 货 ,库存情况
上海 到 北京 第二天就到 ,配送快
上海 到 南 头 天 下 单 第二天就到 ,配送快
上海 到 常州 一天 就 到 ,配送快
上海 到 广州 隔天就到 ,配送快
上海 到 成都 第二天就到 ,配送快
上海 到 沈阳 一天 就 到 ,配送快
上海 到 沈阳 不到 一天 就 到 ,配送快
上海 到 济 南 顺丰 不到 小时 就 到 好评 ,配送快
上海 到 西安 一天 时间 就 到 ,配送快
上海 同城 物流 送 九天 ,配送慢
上 熟 顺丰快递 慢 像 蜗牛 ,配送慢
上班 穿 不错 ,整体满意度佳
上班 穿 很 舒服 ,舒适度佳
上班 穿 舒服 ,舒适度佳
上 脚 一般 ,整体满意度中
上 脚 不是 很 舒服 ,舒适度欠佳
上 脚 不是 特别 舒服 ,舒适度欠佳
上 脚 不错 ,整体满意度佳
上 脚 帅气 ,设计好
上 脚 很 舒服 ,舒适度佳
上 脚 爸爸 说 很 舒服 满意 ,舒适度佳
上 脚 超 舒服 ,舒适度佳
上 脚 也 不错 ,整体满意度佳
上 脚 也 合适 ,尺码合适
上 脚 也好 看 ,颜色外形美观
上 脚 也 很 好看 ,颜色外形美观
上 脚 也 很 好看 ,颜色外形美观
上 脚 也 很 舒服 ,舒适度佳
上 脚 也 很 舒适 ,舒适度佳
上 脚 也 挺 好看 ,颜色外形美观
上 脚 也 挺 舒服 ,舒适度佳
上 脚 也 比较 舒服 ,舒适度佳
上 脚 也 舒服 ,舒适度佳
上 脚 也 还 挺 舒服 ,舒适度佳
上 脚 也 非常 好看 ,颜色外形美观
上 脚 有点 硬 ,偏硬
上 脚 十分 轻盈 ,轻巧轻便
上 脚 却 很 轻盈 ,轻巧轻便
上 脚 又 好看 ,颜色外形美观
上 脚 可以 ,整体满意度佳
上 脚 发现 比 想象 中 好看 ,颜色外形美观
上 脚 感觉 鞋底 是 有点 硬 ,偏硬
上 脚 太 漂亮 ,颜色外形美观
上 脚 好看 ,颜色外形美观
上 脚 就 很 舒服 ,舒适度佳
上 脚 并不 是 特别 舒服 ,舒适度欠佳
上 脚 应该 也 舒服 ,舒适度佳
上 脚 很 好看 ,颜色外形美观
刚 开始 穿 时候 毕竟 是 新 鞋 会 有点 磨脚 真的 太 喜欢 ,磨脚
上 脚 很 好看 刚 开始 穿 时候 毕竟 是 新 鞋 会 有点 磨脚 真的 太 喜欢 ,颜色外形美观
上 脚 很 好看 百搭 款 出门 玩 必备 ,搭配性强
上 脚 很 帅气 ,设计好
上 脚 很 有型 ,版型不错
上 脚 很 棒 ,整体满意度佳
上 脚 很 棒 鞋 很 轻 ,轻巧轻便
上 脚 很 棒 鞋 很 轻 ,整体满意度佳
上 脚 很 漂亮 ,颜色外形美观
上 脚 很 舒服 ,舒适度佳
上 脚 很 舒服 不错 不错 ,舒适度佳
上 脚 很 舒服 也 很 百搭 ,舒适度佳
上 脚 很 舒服 ,舒适度佳
上 脚 很 舒服 很 百搭 ,舒适度佳
上 脚 很 舒服 很 轻 ,舒适度佳
上 脚 很 舒服 很 轻 ,轻巧轻便
上 脚 很 舒服 超级 喜欢 买 回来 就 一直 穿 ,舒适度佳
上 脚 很 舒服 适合 胖 脚 宝宝 ,舒适度佳
上 脚 很 舒适 ,舒适度佳
上 脚 很 轻 ,轻巧轻便
上 脚 很 轻便 ,轻巧轻便
上 脚 很 轻盈 舒服 ,舒适度佳
上 脚 很 轻盈 舒服 ,轻巧轻便
上 脚感 觉 一般 ,整体满意度中
上 脚感 觉 不 太 舒服 ,舒适度欠佳
上 脚感 觉 不错 ,整体满意度佳
上 脚感 觉 很 不错 ,整体满意度佳
上 脚感 觉 很 舒服 ,舒适度佳
上 脚感 觉 很 舒适 ,舒适度佳
上 脚感 觉 还 行 ,整体满意度佳
上 脚感 觉 非常 舒服 ,舒适度佳
上 脚 挺 好看 ,颜色外形美观
上 脚 挺 舒服 ,舒适度佳
上 脚 挺 舒服 很 轻 ,舒适度佳
上 脚 挺 舒服 很 轻 ,轻巧轻便
上 脚 挺 舒服 ,舒适度佳
上 脚 挺 舒适 ,舒适度佳
上 脚 效果 不错 ,整体满意度佳
上 脚 效果 也 不错 ,版型不错
上 脚 效果 也 很 不错 ,整体满意度佳
上 脚 效果 也 超 棒 ,版型不错
上 脚 效果 很 好 ,整体满意度佳
上 脚 效果 很 棒 ,版型不错
上 脚 效果 特别 好 ,版型不错
上 脚 效果 真的 太 好看 ,版型不错
上 脚 效果 还 不错 ,版型不错
上 脚 效果 非常 赞 ,整体满意度佳
上 脚 比 图片 好看 多 家 一直 穿 时候 比较 紧 上 脚 非常 合适 ,尺码合适
上 脚 比较 舒服 ,舒适度佳
上 脚 比较 舒适 ,舒适度佳
上 脚 比较 轻 ,轻巧轻便
上 脚 漂亮 ,颜色外形美观
上 脚 炒鸡 好看 ,颜色外形美观
上 脚 特别 舒服 很 轻 ,舒适度佳
上 脚 特别 舒服 很 轻 ,轻巧轻便
上 脚 就 知道 是 正品 ,原装正品
上 脚 包裹性 很 好 ,包裹性强
上 脚 感觉 很 舒服 已经 实战 过 ,舒适度佳
上 脚 感觉 挺 好的 ,整体满意度佳
上 脚 感觉 非常 舒服 ,舒适度佳
上 脚 效果 特别 好 ,版型不错
上 脚 真的 很 舒服 ,舒适度佳
上 脚 真的 超 软 超 舒服 ,舒适度佳
上 脚 确实 漂亮 ,颜色外形美观
上 脚 脚感 可以 ,整体满意度佳
上 脚 舒服 ,舒适度佳
上 脚 舒服 又 好看 ,舒适度佳
上 脚 舒服 又 好看 ,颜色外形美观
上 脚 舒服 很 轻 ,舒适度佳
上 脚 舒服 很 轻 ,轻巧轻便
上 脚 舒服 透气 ,舒适度佳
上 脚 舒服 透气 ,透气
上 脚 舒适 ,舒适度佳
上 脚 舒适 轻便 ,舒适度佳
上 脚 舒适 轻便 ,轻巧轻便
上 脚 蛮 好看 ,颜色外形美观
上 脚 蛮 漂亮 ,颜色外形美观
上 脚 试 很 轻 ,轻巧轻便
上 脚 质量一般 ,做工粗糙
上 脚 走路 非常 舒适 ,舒适度佳
上 脚 超级 舒服 ,舒适度佳
上 脚 超 舒服 ,舒适度佳
上 脚 轻便 就是 显 长 ,轻巧轻便
上 脚 轻便 舒适 ,舒适度佳
上 脚 轻便 舒适 ,轻巧轻便
上 脚 轻便 舒适 透气 ,轻巧轻便
上 脚 轻便 舒适 透气 ,透气
上 脚 轻巧 ,轻巧轻便
上 脚 轻快 散步 慢 跑 很 舒服 好评 ,舒适度佳
上 脚 轻快 散步 慢 跑 很 舒服 好评 ,轻巧轻便
上 脚 轻松 舒适 ,舒适度佳
上 脚 轻 舒服 颜色 耐脏 也 百搭 瑕疵 有的 不过 不 影响 ,耐脏
上 脚 还 挺 好看 ,颜色外形美观
上 脚 还是 很 好看 ,颜色外形美观
上 脚 还是 舒服 ,舒适度佳
上 脚 酷 到 没 朋友 ,版型不错
上 脚 非常 好看 ,颜色外形美观
上 脚 非常 舒服 ,舒适度佳
上 脚 非常 舒服 ,舒适度佳
上 脚 非常 透气 舒服 很 赞 ,舒适度佳
上 脚 整体 包裹 很 好 ,包裹性强
上 虎 扑 上 鉴定 是 正品 ,原装正品
上衣 偏小 ,偏小
上衣 弹力 较 大 显瘦 ,弹性佳
上衣 很 不错 看 着 还有 点 帅气 ,设计好
上衣 有点 大 ,偏大
上衣 洗 缩水 ,缩水
上衣 码 偏大 ,偏大
上衣 质量 很 好 ,做工优良
上衣 还 行 ,整体满意度佳
上 角 很 好看 ,颜色外形美观
上 角 还 蛮 舒服 ,舒适度佳
上课 穿着 很 舒服 ,舒适度佳
上身 不错 ,整体满意度佳
上身 不错 颜色 好看 满意 ,版型不错
上身 也 合适 ,尺码合适
上身 也好 看 ,版型不错
上身 也 很 好看 ,版型不错
上身 也 很 舒服 ,舒适度佳
上身 偏 瘦 型 ,版型不错
上身 刚刚 好 ,尺码合适
上身 刚刚 好 印花 没有问题 质量 也 可以 ,做工优良
上身 合身 ,尺码合适
上身 合适 颜色 洗 不错 不错 ,尺码合适
上身 比较 好看 ,版型不错
上身 图片 一样 ,与详情页一致
上身 大小 合适 ,尺码合适
上身 太 丑 ,颜色外形欠佳
上身 好好看 ,版型不错
上身 好看 ,版型不错
上身 好看 又 白 又 瘦 ,版型不错
上身 效果 一般 ,版型一般
上身 好看 衣服 质量 不错 ,做工优良
上身 很 合身 ,尺码合适
上身 很 合适 ,尺码合适
上身 很 好看 ,版型不错
上身 很 好看 不过 还是 得 穿 高 跟 鞋 才 可以 ,版型不错
上身 很 帅气 ,版型不错
上身 很 漂亮 ,版型不错
上身 很 漂亮 颜色 没有 图 亮 不过 也 ok ,版型不错
上身 很 漂亮 颜色 没有 图 亮 不过 也 ok ,与详情页不一致
上身 很 美 ,版型不错
上身 很 舒服 ,舒适度佳
上身 很 轻 舒适 ,舒适度佳
上身 很 酷 ,版型不错
上身 很 酷 就是 码 有点 合身 ,尺码合适
上身 挺 好看 ,版型不错
上身 挺 好看 就是 筒 有点 挤 ,版型不错
上身 挺 漂亮 ,版型不错
上身 挺 舒服 ,舒适度佳
上身 挺 酷 ,版型不错
上身 效果 棒 棒 棒 ,版型不错
上身 效果 很一般 ,版型一般
上身 效果 一般 ,版型一般
上身 效果 不 太 行 ,版型问题
上身 效果 不是 很 好看 ,版型问题
上身 效果 不错 ,版型不错
上身 效果 不错 不 确定 是不是 正品 ,正品与否
上身 效果 不错 ,版型不错
上身 效果 不错 很 喜欢 ,版型不错
上身 效果 不错 显瘦 产 穿 尺码 偏大 ,偏大
上身 效果 不错 穿 起来 很 舒服 还 挺 厚实 ,厚实
上身 效果 不错 穿 起来 很 舒服 还 挺 厚实 ,舒适度佳
上身 效果 不错 穿 起来 ,版型不错
上身 效果 也 不错 ,版型不错
上身 效果 也好 ,版型不错
上身 效果 也好 就是 参考 尺码 不 太 准 ,尺码偏差
上身 效果 也好 看 ,版型不错
上身 效果 也 很 好 ,版型不错
上身 效果 也 很 棒 ,版型不错
上身 效果 也 挺 不错 ,版型不错
上身 效果 也 特别 好 ,版型不错
上身 效果 也 超 棒 ,版型不错
上身 效果 图片 一样 版型 好 长短 适中 ,与详情页一致
上身 效果 也好 ,版型不错
上身 效果 喜欢 ,版型不错
上身 效果 太 好 ,版型不错
上身 效果 太 棒 有 木有 ,版型不错
上身 效果 好 ,版型不错
上身 效果 很 好 ,版型不错
上身 效果 好 很 棒 ,版型不错
上身 效果 好看 ,版型不错
上身 效果 好 质量 不错 ,做工优良
上身 效果 好 面料 舒适 无异味 快 干 排汗 透气 运动 首选 ,材质佳
上身 效果 好 面料 舒适 无异味 快 干 排汗 透气 运动 首选 ,透气
上身 效果 很 不错 ,版型不错
夹 棉 正 适合 初 ,描述适合
上身 效果 很 修身 ,版型不错
上身 效果 很 好 ,版型不错
上身 效果 很 好 款式 很 好看 穿着 舒服 ,舒适度佳
上身 效果 很 好 款式 很 好看 穿着 舒服 ,设计好
上身 效果 很 好看 ,版型不错
上身 效果 很 好 穿着 舒适 ,尺码合适
上身 效果 很 好 穿着 舒适 ,舒适度佳
上身 效果 很 差 ,版型问题
上身 效果 很 棒 ,版型不错
上身 效果 很 满意 ,版型不错
上身 效果 非常 赞 ,版型不错
上身 效果 很 赞 ,版型不错
上身 效果 挺 好的 ,版型不错
上身 效果 挺 好的 码 正好 ,版型不错
上身 效果 是 喜欢 ,版型不错
上身 效果 极 好 ,版型不错
上身 效果 棒棒哒 ,版型不错
上身 效果 棒 死 ,版型不错
上身 效果 满意 ,版型不错
上身 效果 炒鸡 棒 ,版型不错
上身 效果 特别 好 ,版型不错
上身 效果 特别 好 ,版型不错
上身 效果 真 不错 ,版型不错
上身 效果 超 好 ,版型不错
上身 效果 超 棒 ,版型不错
上身 效果 超 棒 穿 上 舒适 ,舒适度佳
上身 效果 超级 好 ,版型不错
上身 效果 超级 棒 ,版型不错
上身 效果 超赞 ,版型不错
上身 效果 还 不错 ,版型不错
上身 效果 还 不错 ,版型不错
上身 效果 还 可以 ,版型不错
上身 效果 非常 不错 有型 ,版型不错
上身 效果 非常 好 ,版型不错
上身 效果 非常 棒 ,版型不错
上身 时尚 舒适 ,舒适度佳
上身 时尚 舒适 ,版型不错
上身 显瘦 挺 漂亮 ,版型不错
上身 款式 很 好看 ,设计好
上身 比 图片 好看 ,版型不错
上身 比较 舒服 ,舒适度佳
上身 漂亮 也 挺 修身 ,版型不错
上身 略 大 ,偏大
上身 舒服 程度 应该 很 高 ,舒适度佳
上身 美 ,版型不错
上身 美美 滴 ,版型不错
上身 舒服 ,舒适度佳
上身 舒适 ,舒适度佳
上身 超 好看 喜欢 ,版型不错
上身 超 帅 ,版型不错
上身 超 棒 ,整体满意度佳
上身 超级 舒服 ,舒适度佳
上身 还 不错 ,版型不错
上身 都 很 好看 ,版型不错
上身 非常 好 ,整体满意度佳
上身 非常 好看 ,版型不错
上 部分 颜色 暗 ,描述颜色
有 折痕 ,褶皱
有点 起球 ,起球
有点 磨脚 ,磨脚
有 脏 ,描述耐脏
刺绣 没有 图片 好看 ,与详情页不一致
印花 是 天鹅绒 超 好看 ,颜色外形美观
边 比较 硬 ,偏硬
下 一次 还 会 再买 ,意向顾客
下 还 好 光顾 ,整体满意度佳
下 还 好 光顾 ,意向顾客
下 水 就 染色 ,掉色
下 单 天 早就 到 ,配送快
下 单 第二天就到 ,配送快
发货 天 就 到 鞋 也 挺 舒服 ,舒适度佳
发货 天 就 到 鞋 也 挺 舒服 ,发货快
就 到 ,配送快
打球 穿着 很 舒服 ,舒适度佳
拍 天 就 到 物流 真 给力 鞋 质量 也 杠杠 ,做工优良
就 可以 穿 ,整体满意度佳
下 单 不 发货 ,发货慢
下 单 第二天就到 ,配送快
下 单 过 天才 开始 发货 ,发货慢
下 单 早 居然 还 没 发货 ,发货慢
下 单 第二天就到 ,配送快
下 单 第二天就到 ,配送快
下 单 第二天就到 ,配送快
下 单 天 就 降价 ,价格波动
下 单 天 顺丰快递 就 到 鞋子 也 非常 好 关键 是 真的 划算 ,性价比高
下 单 天 顺丰快递 就 到 鞋子 也 非常 好 关键 是 真的 划算 ,配送快
下 回 继续购买 ,意向顾客
下 回 还 会 光顾 ,意向顾客
下 回 还 会 再买 ,意向顾客
下 围 偏小 ,偏小
下 围 偏大 到 码 ,偏大
下 围 大 ,偏大
下 围 是 比较 有 弹性 料子 ,弹性佳
包裹性 没有 实体店 好 ,包裹性差
下 围 比 实体店 买 同 款 要 松 ,与实体店不一致
下 围 确实 偏大 ,偏大
下 次 还 会 光顾 ,意向顾客
下 雨 也 没 耽误 物流 速度 ,配送快
下摆 也 有 弹力 ,弹性佳
下摆 偏长 ,偏长
下摆 太 长 ,偏长
下摆 有点 宽松 ,宽松
下摆 比较 版型 做工 都 不错 喜欢 ,做工优良
下摆 设计 长 ,偏长
下摆 稍微 有点 长 ,偏长
一定 再来 ,意向顾客
一定 还来 ,意向顾客
一定 还来 光顾 ,意向顾客
不会 买了 ,整体满意度差
不会 再买 ,整体满意度差
介绍 朋友 也 来 ,意向顾客
会 再来 ,意向顾客
会 再来 光顾 ,意向顾客
会 继续 光顾 ,意向顾客
会 继续 来 买 ,意向顾客
依然 首选 毛毛虫 ,意向顾客
做 活动 再买 ,期待活动
做 活动 再 入 ,期待活动
光临 ,意向顾客
入手 别的 颜色 ,颜色外形美观
再买 ,意向顾客
再买 就 到 家 ,意向顾客
再 光临 ,意向顾客
再 光顾 ,意向顾客
再来 ,意向顾客
再来 买 ,意向顾客
再来 买 ,意向顾客
再来 光顾 ,意向顾客
再来 哈 ,意向顾客
再来 购物 ,意向顾客
双十一 再来 一波 ,优惠活动
可以 还 考虑 这家 店 ,意向顾客
在 来 ,意向顾客
在 来 ,意向顾客
就 买了 ,意向顾客
店铺 打折 时 再买 ,意向顾客
必须 还来 买 ,意向顾客
想 买 颜色 更 靓丽 ,意向顾客
也 买 ,意向顾客
打折 再来 ,优惠活动
打折 再来 ,意向顾客
换 别的 款 试试 ,意向顾客
搞 活动 一定 得 抢 ,期待活动
搞 活动 再买 ,期待活动
搞 活动 再买 ,期待活动
搞 活动 继续 屯 ,期待活动
搞 活动 还 会 买 ,期待活动
搞 活动 还 进货 ,期待活动
会 再来 购物 ,意向顾客
有 优惠 再买 ,意向顾客
有 优惠 就 好 ,整体满意度佳
有 合适 会 考虑 再来 ,尺码合适
有 合适 还来 ,尺码合适
有 喜欢 还 会 光顾 ,意向顾客
有 机会 ,意向顾客
有 机会 还 会 再来 ,意向顾客
有 活动 再买 ,期待活动
有 活动 再 回购 ,期待活动
有 活动 再来 ,期待活动
有 活动 再来 买 ,优惠活动
有 活动 再 给 妈妈 买 ,期待活动
有 活动 还 买 ,期待活动
有 活动 还 会 买 ,优惠活动
有 活动 还 入 白色 换 着 穿 ,期待活动
有 活动 还来 ,期待活动
有 活动 还要 买 ,期待活动
有 需要 再来 ,意向顾客
有 需要 在 光顾 ,意向顾客
有 需要 继续购买 ,意向顾客
有 需要 还 会 回购 ,意向顾客
有 需要 还 会 来 ,意向顾客
来 买 ,意向顾客
次 再来 买 ,意向顾客
活动 再来 ,期待活动
活动 再 给 家人 买 ,期待活动
活动 还 得 买 ,期待活动
继续 光顾 ,意向顾客
继续 ,意向顾客
继续 买 ,意向顾客
继续 买 耐克 ,意向顾客
继续 光临 ,意向顾客
继续 光顾 ,意向顾客
继续关注 光顾 ,意向顾客
继续 合作 ,意向顾客
继续 在 家 购物 ,意向顾客
继续 在 家 购买 ,意向顾客
继续 支持 nike 官方旗舰店 ,意向顾客
继续 来 购买 ,意向顾客
肯定 还 会 光顾 这家 店 ,意向顾客
自己 买 鞋 也 来 ,意向顾客
要 来 收 浅色 ,意向顾客
记得 把 发票 开 上 ,发票问题
说不定 还 会 继续 光临 ,意向顾客
还 买 ,意向顾客
还 买 这家 商品 ,意向顾客
还 买 ,意向顾客
还 会 买 ,意向顾客
还 会 买 家 鞋 ,意向顾客
还 会 买 ,意向顾客
还 会 光临 ,意向顾客
还 会 光临 ,意向顾客
还 会 光顾 ,意向顾客
还 会 光顾 ,意向顾客
还 会 光顾 这家 店 ,意向顾客
还 会 关 顾 ,意向顾客
还 会 再买 ,意向顾客
还 会 再 光顾 ,意向顾客
还 会 再 入手 ,意向顾客
还 会 再来 ,意向顾客
还 会 再来 光顾 ,意向顾客
还 会 再来 ,意向顾客
还 会 再来 这家 店 买 服务 态度 很 好 ,意向顾客
还 会 到 店 购买 ,意向顾客
还 会 在 来 ,意向顾客
还 会 来 ,意向顾客
还 会 来 买 ,意向顾客
还 会 来 买 ,意向顾客
还 会 来 买 ,意向顾客
还 会 来 光顾 ,意向顾客
还 会 来 ,意向顾客
还 会 来回 购 ,意向顾客
还 会 来 ,意向顾客
还 会 来 生意 兴隆 ,意向顾客
还 会 继续 ,意向顾客
还 会 继续 光临 ,意向顾客
还 会 继续 光顾 ,意向顾客
还 会 继续 支持 ,意向顾客
还 会 继续购买 ,意向顾客
还会购买 ,意向顾客
还会购买 ,意向顾客
还 会 选择 这家 店 ,意向顾客
还 光顾 ,意向顾客
还 回来 ,意向顾客
还 回来 光顾 ,意向顾客
还 在 家 买 ,意向顾客
还 在 买 ,意向顾客
还 支持 ,意向顾客
还来 ,意向顾客
还来 买 ,意向顾客
还来 买 ,意向顾客
还来 家 ,意向顾客
还来 光顾 ,意向顾客
还来 很 好 物流 超 快 ,配送快
还来 店 ,意向顾客
还来 购买 ,意向顾客
还来 这家 买 ,意向顾客
还来 这家 店 ,意向顾客
还要 再来 ,意向顾客
需要 时候 还 会 再来 ,意向顾客
下 水 整个 衣服 都 变 样 ,变形
下 水 有 一点点 掉色 ,掉色
下 水 有点 掉色 ,掉色
下 水 时候 掉色 ,掉色
下 水 轻微 掉色 ,掉色
下 胸 围 圈 松紧 容易 变形 ,变形
下 雨 天 一般 地 走路 打滑 ,抓地力差
下 雨 天 会 很 脏 ,不耐脏
下 雨 天大 理 石 地面 会 比较 滑 ,抓地力差
下 雨 天 容易 滑 倒 ,抓地力差
下 雨 天 有点 滑 ,抓地力差
下 雨 天 穿 很 防水 ,防水
下 雨 天 穿 防水 ,防水
下 雨 天 穿 鞋底 特别 滑 ,抓地力差
下 雪 天 穿 上 防水 效果 超级 好 ,防水
显得 比较 大 ,偏大
色 比 图片 要 深 ,与详情页不一致
配 牛仔裤 应该 很 好看 ,颜色外形美观
不一般 舒服 ,舒适度佳
不 主动 送货 ,未送货上门
不 也 不错 ,整体满意度佳
不 挺 厚 ,厚实
不 有点 厚 ,偏厚
会 脱色 ,掉色
溢胶 严重 商标 有问题 舒适度 还 可以 款式 还 不错 ,舒适度佳
溢胶 严重 商标 有问题 ,溢胶
不会 像 全 棉 硬邦邦 不舒服 ,舒适度佳
不会 再买 ,整体满意度差
不会 再买 第二次 ,整体满意度差
不会 再来 ,整体满意度差
不会 再 继续关注 ,整体满意度差
不会 变 脏 ,耐脏
不会 太 薄 也 不会 太 厚 ,不厚
不会 太 闷 也 很 吸汗 ,吸汗
不会 推荐 就 看看 实物 ,业务知识欠缺
不会 撞 ,无效信息
不会 是 假 ,正品与否
不会 是 假 耐克 ,正品与否
不会 是 假货 ,正品与否
不会 是 高仿 品 ,正品与否
不 便宜 ,性价比低
不 值 ,性价比低
不 值 ,性价比低
不 值 钱 ,性价比低
不 值 多 ,性价比低
不 值 九九 ,性价比低
不 值 多 钱 ,性价比低
不 值得 ,性价比低
不 值得 价钱 ,性价比低
不 值得 价钱 ,性价比低
不 值 价 ,性价比低
不 值 价位 ,性价比低
不 值 价格 ,性价比低
不 值 价 透 肉 ,性价比低
不 值 价钱 ,性价比低
不 值 价钱 ,性价比低
不 值 价钱 算 就 把 也 不 退 太 麻烦 布料 不好 ,性价比低
不 值 钱 ,性价比低
不 值 贵 ,性价比低
不 值 高 价格 有点 水 ,性价比低
不 值 钱 ,性价比低
不 偏 码 ,尺码合适
不像 专柜 有 瑕疵 有 污点 ,存在污渍
不像 专柜 ,与实体店不一致
不像 专柜 有 瑕疵 有 污点 ,瑕疵
不像 直接 开发 票 装 包 发货 ,发票问题
不像 在 店 里 买 ,与实体店不一致
不像 名牌 鞋 做工 ,做工粗糙
不像 图 上 有点 咖啡 红 感觉 ,与详情页不一致
不像 图片 是 白色 ,与详情页不一致
不像 是 值 九九 鞋子 ,性价比低
不像 是 大牌 做工 ,做工粗糙
不像 是 正品 ,正品与否
不像 是 正版 ,正品与否
不像 是 正版 鞋 ,正品与否
不像 正品 ,正品与否
不像 真的 ,正品与否
不像 评论 说 硬 上 脚 很 舒服 物流 也 很 快点 赞 ,舒适度佳
不像 评论 说 硬 上 脚 很 舒服 物流 也 很 快点 赞 ,配送快
不 充 气 拿 大的 盒子 装 起来 干 ,包装尺寸不合适
是 做工 精细 还是 款式 很 时尚 都 很 满意 ,做工优良
不到 天 就 到 ,配送快
不到 小时 收到 ,配送快
不到 一天 就 到 ,配送快
不到 一天 就 到 物流 真的 让我 好感 动 ,配送快
不到 两天就到 ,配送快
不 加 绒 也 挺 厚 ,厚实
不 勒 轻薄 透气 ,轻薄
不 勒 轻薄 透气 ,透气
不 勒 还 很 吸汗 ,吸汗
不 包脚 ,包裹性差
不厌其烦 优质 服务 ,客服态度好
不 厚 ,不厚
不 厚 也 不 薄 ,不厚
不 厚实 ,不厚
不 厚 很 好 ,不厚
不 质地 好 ,不厚
不 太 合身 ,穿着不适
不 吹 不 黑 真心 不错 ,整体满意度佳
不咋地 ,整体满意度差
不咋地 儿 ,整体满意度差
不咋滴 果断 退货 ,整体满意度差
不咋滴 穿 天 就 变形 ,变形
不 喜欢 ,整体满意度差
不 喜欢 太 紧 ,整体满意度佳
不 喜欢 太 长 ,偏长
不 喜欢 扎 脚 ,舒适度欠佳
不 喜欢 给 差评 ,整体满意度差
不 喜欢 勾 勾 ,整体满意度差
不 喜欢 这样 颜色 ,颜色外形欠佳
不 回 ,回复速度慢
不 回复 ,回复速度慢
不 回答 ,回复速度慢
不在 快递 复盖 范围 ,范围无法覆盖
快递 无法 复盖 到 ,范围无法覆盖
不在 范围 送 不到 家 ,范围无法覆盖
不在 范围 里 送 不到 ,范围无法覆盖
不在 配送 范围 ,范围无法覆盖
不在 快递 复盖 ,范围无法覆盖
不在 送货 范围 ,范围无法覆盖
不 处理 ,处理不积极
不 处理 ,处理不积极
不 多 说 总 感觉 做工 有点 山寨 ,做工粗糙
不够 舒适 ,舒适度欠佳
不大不小 挺 合适 ,尺码合适
不大不小 正好 ,尺码合适
不大 值 ,性价比低
不大 值得 ,性价比低
不大 值 价钱 ,性价比低
不 太 值 价 ,性价比低
不 太 像 正品 ,正品与否
不 太 喜欢 ,整体满意度差
不 太 喜欢 料 ,材质欠佳
不 太 好看 ,颜色外形欠佳
不 太 好 穿 ,穿脱困难
不 太 实用 ,整体满意度差
不 太 容易 穿 进去 ,穿脱困难
不 太 很 轻便 ,轻巧轻便
不 太 推荐 ,整体满意度差
不 太 满意 ,整体满意度差
不 太 满意 一次 网购 ,整体满意度差
不 太 满意 鞋子 力 一样 有 臭 味 儿 ,气味问题
不 太 紧 绷 很 贴合 身体 物流 很 快 穿 刚刚 好 ,尺码合适
不 太 紧 绷 很 贴合 身体 物流 很 快 穿 刚刚 好 ,配送快
不 太 舒服 ,舒适度欠佳
不 太 行 ,整体满意度差
不 太 适合 脚掌 宽厚 ,身体
不 太 透气 ,闷气
不好 ,整体满意度差
不好 太 薄 也 不 值 非常 非常 薄 ,偏薄
不好 太 薄 也 不 值 非常 非常 薄 ,性价比低
不好 意思 确认 收货 晚 衣服 质量 非常 不错 非常 喜欢 ,做工优良
不好 换 也 不 给 换 不 买了 ,整体满意度差
不好 洗 网面 ,清洗不便
不好 用 ,整体满意度差
不好 看 ,颜色外形欠佳
不好 看 还 挺 土 ,颜色外形欠佳
不好 确定 产品 是不是 真的 ,正品与否
不好 穿 ,穿脱困难
不好 穿 脱 ,穿脱困难
不好 穿 近 去 ,穿脱困难
不好 穿 进去 ,穿脱困难
不好 脱 ,穿脱困难
不好 质量一般 ,做工粗糙
不好 跟 假 似 ,正品与否
不好 鞋子 味道 特别 大 好 难 闻 ,气味问题
不如 精英 包裹 强 ,包裹性差
不如 同等 价位 亚瑟士 ,性价比低
不如 图片 美 ,与详情页不一致
不如 官网 客服 态度 好 ,客服态度差
不如 实体店 柔软 舒适 ,与实体店不一致
不如 普通 配送 ,配送慢
不如 网店 活动 好 ,优惠活动
不如 门店 质量 好 ,与实体店不一致
不 存在 偏 码 ,尺码合适
不 完美 有 瑕疵 ,瑕疵
不 容易 穿 进去 ,穿脱困难
不 容易 脏 ,耐脏
不 就 比 普通 耐克 袜子 么 ,偏厚
不 建议 买 ,行为建议
不 建议 买 大一码 ,行为建议
不 建议 购买 ,整体满意度差
不 建议 购买 ,整体满意度差
不 开心 ,整体满意度差
不 开玩笑 穿 起 真的 很 舒服 ,舒适度佳
不 很 好看 ,颜色外形欠佳
不得不 夸奖 店 里 售后服务 ,客服态度好
不得不 夸赞 顺丰快递 ,配送快
不得不 承认 顺风 快递 真的 很 快 ,配送快
不得不 说 ,无效信息
不得不 说 东西 不错 物流 也 超 快 ,配送快
不得不 说 买 码 是 刚好 ,尺码合适
不得不 说 官方店 包装 真的 赞 ,包装完好
不得不 说 官网 服务 就是 好 鞋子 发货 隔 一天 就 来 质量 也 不错 ,做工优良
不得不 说 快递 是 真的 快 ,配送快
不得不 说 快递 认 准 顺丰 点 还 送货 使命 必 达 好评 ,配送快
不得不 说 物流 速度 杠杠 滴 ,配送快
不得不 说 物流 相当 快 ,配送快
不得不 说穿 脚板 很 舒服 ,舒适度佳
不得不 说 顺丰 就是 快 ,配送快
不得不 说 顺丰快递 实 属 快 ,配送快
不得不 说 顺丰快递 就是 快 ,配送快
不得不 说 顺丰 是 真的 快 当天 下 单 隔天就到 ,配送快
不得不 说 顺丰 真是 快 ,配送快
不得不 说 顺丰 越来越 慢 ,配送慢
不得不 赞 官网 包装 ,包装完好
不得不 赞 顺丰快递 ,配送快
不 怀疑 真假 哈 ,原装正品
不 怎么 厚 ,不厚
不 怎么 好 ,整体满意度差
不 怎么 好看 ,颜色外形欠佳
不 怎么 好 穿 ,穿脱困难
不怎么样 ,整体满意度差
不怎么样 还是 去 实体店 买 穿 天 脚 后跟 磨破 差评 ,整体满意度差
不怎么样 ,整体满意度差
不怎么样 好 假 ,正品与否
不怎么样 好 假 ,整体满意度差
不 怎么 满意 裤子 面料 ,材质欠佳
不 怎么 真 决定 好 差 ,整体满意度差
不 怎么 耐磨 其他 杠杠 滴 ,不耐磨
不 怎么 舒服 ,舒适度欠佳
不 怎么 透气 ,闷气
不 ,整体满意度差
不怎么样 ,整体满意度差
不怕 脏 ,耐脏
不 想 多 说 差评 ,整体满意度差
不 想 弄 清洁 ,描述清洗
不 想 说 有点 发 绿 质量 还 好 习惯 好评 不过 不满 意 ,做工优良
不 想 送货 非 说 地址 写 错 ,未送货上门
不 愉快 ,整体满意度差
不愧 是 品牌 包装 ,包装完好
不愧 是 官方店 选 用 快递 很 棒 ,配送快
不愧 是 旗舰店 商品 包装盒 子 小 袋子 一应俱全 穿着 也 蛮 舒服 ,包装完好
不愧 是 旗舰店 很 棒 ,整体满意度佳
不愧 是 正品 ,原装正品
不愧 是 正品 比 假货 好多 ,原装正品
不愧 是 正品 牌 ,原装正品
不愧 是 神州 快递 公司 ,配送快
不愧 是 顺丰 好 快 ,配送快
不愧 是 顺丰 速度 ,配送快
不懂 还 卖 贵 ,性价比低
不懂 是不是 正品 ,正品与否
不懂 真假 ,正品与否
不 打折 ,期待活动
不 扣 不好 看 ,颜色外形欠佳
不 拉 紧 好看 拉 紧 太 短 ,偏短
不 掉色 有 弹性 ,弹性佳
不 支持 补 差价 ,商家补偿
不敢恭维 办 事 效率 ,处理不积极
不 敢 洗 ,描述清洗
不 敢 确定 是不是 真的 正品 ,正品与否
不 明白 nike 码数 小 ,偏小
不 明白 童 鞋 胶味 会 比较 重 ,气味问题
不是 标准 快递 顺丰 ,配送快
不是 码 会 继续关注 ,意向顾客
不是 一般 滑 ,抓地力差
不是 一般 后悔 ,整体满意度差
不是 一般 小 ,偏小
不是 一般 快 ,配送快
不是 一般 慢 ,回复速度慢
不是 一般 滑 ,抓地力差
不是 一般 硬 ,偏硬
不是 一般 磨 ,磨脚
不是 一般 磨脚 ,磨脚
不是 一般 薄 ,偏薄
不是 不能 穿 当 大 更 好 穿着 很 舒适 ,舒适度佳
不是 中国 产 ,产地信息
毕竟 磨脚 鞋 码 偏大 ,偏大
不是 中国 产 毕竟 磨脚 ,磨脚
不是 中国 产 毕竟 磨脚 鞋 码 偏大 ,产地信息
不是 中国制造 ,产地信息
不是 假货 ,正品与否
不是 全 棉 偏小 ,偏小
不是 全 棉 样子 还 不错 ,设计好
不是 到 是 真的 还是 假 ,正品与否
不是 卡 布 有点 难受 ,整体满意度差
不是 款 ,不厚
不是 毛巾 ,不厚
不是 厚 ,不厚
不是 国产 ,产地信息
不是 图 上 粉 红 ,与详情页不一致
不是 图片 样子 小 失望 ,与详情页不一致
不是 图片 深 灰 ,与详情页不一致
不是 图片 亮 温柔 蓝 ,与详情页不一致
不是 买 错 太 厚 ,偏厚
不是 太 厚 ,不厚
不是 太 好 闻 ,气味问题
不是 太 白 有色 差 ,有色差
不是 太 舒服 ,舒适度欠佳
不是 店 里 正品 ,正品与否
不是 很 值 ,性价比低
不是 很 值 价 ,性价比低
不是 很 厚 ,不厚
不是 很 厚 不过 比较 容易 粘毛 ,不厚
不是 很 初秋 穿 ,不厚
不是 很 厚 穿 也 可以 ,不厚
不是 很 款 ,不厚
不是 很 羽绒服 ,不厚
不是 很 厚 ,不厚
不是 很 喜欢 懒得 退 ,整体满意度差
不是 很 好 ,整体满意度差
不是 很 好看 ,颜色外形欠佳
不是 很 好 穿 ,穿脱困难
不是 很 有 性价比 ,性价比低
不是 很 满意 ,整体满意度差
不是 很 满意 ,整体满意度差
不是 很 满意 ,整体满意度差
不是 很 满意 小了 号 有点 色差 ,有色差
不是 很 满意 洗 完 有点 缩水 ,整体满意度差
不是 很 漂亮 ,颜色外形欠佳
不是 很 理想 ,整体满意度差
不是 很 精致 还有 磨损 ,不耐磨
不是 很 紧 薄 款 ,偏薄
不是 很 耐磨 ,不耐磨
不是 很 舒服 ,舒适度欠佳
不是 很 舒服 ,整体满意度差
不是 很 薄 贴身 弹力 款 ,弹性佳
不是 很 透明 还 算 合身 细腻 不错 舒适 物流 很 快 ,舒适度佳
不是 很 透明 还 算 合身 细腻 不错 舒适 物流 很 快 ,配送快
不是 想 要 面料 ,材质欠佳
不是 想象 中 面料 ,材质欠佳
不是 期待 样子 ,整体满意度差
不是 期待 样子 感觉 有点 假 ,正品与否
不是 机器 回复 就是 答非所问 ,机器人回复
不是 棉 买 时候 没 注意 很 糟糕 ,整体满意度差
不是 棉 质 ,描述材质
不是 次 达 不是 次日 达 ,描述快递
不是 正品 ,正品与否
不是 正品 是 假货 ,正品与否
不是 正品 一样 ,正品与否
不是 正品 扫 码 都 扫 不 出来 不过 挺 好看 ,正品与否
不是 正品 假货 臭 脚 正品 鞋垫 不会 掉 ,正品与否
不是 正品 耐克 鞋 ,正品与否
不是 正版 ,正品与否
不是 特别 厚 ,不厚
不是 真品 ,正品与否
不是 真品 估计 ,正品与否
不是 真品 穿 次 就 扯 开 ,正品与否
不是 真品 穿 次 ,正品与否
不是 粉色 是 肉 粉色 ,描述颜色
不是 纯 正 黑色 ,描述颜色
不是 纯 白色 ,描述颜色
不是 纯 黑色 ,描述颜色
不是 纯 黑色 发 蓝色 ,描述颜色
不是 纯 黑色 ,描述颜色
不 送货上门 ,未送货上门
不是 透气 布料 ,闷气
不是 透气 ,闷气
不是 通常 色 白 ,描述颜色
不是 厚 ,不厚
不是 舒服 ,舒适度欠佳
不是 过 不过 穿着 舒服 还 不错 ,舒适度佳
不是 透气 ,闷气
不是 非常 舒服 ,舒适度欠佳
不是 鞋 味道 臭 ,气味问题
不是 鞋 味道 臭 ,整体满意度差
不 显 脏 ,耐脏
不晓得 是不是 正品 ,正品与否
不晓得 真假 ,正品与否
不晓得 衣领 褶皱 洗 得 平 不 ,褶皱
喜欢 一直 都 是 ,意向顾客
不 活 质量 很 好 ,做工优良
不满 意 ,整体满意度差
不满 意 懒得 退 脚尖 做 不好 怀疑 是 假 ,正品与否
不满 意 懒得 退 ,整体满意度差
不满 意 就 退货 卖家 服务 相当 好 ,客服态度好
店家 都 是 机器人 ,机器人回复
不满 意 店家 都 是 机器人 ,机器人回复
不满 意 一次 购物 ,整体满意度差
不满 意 ,整体满意度差
不 漂亮 ,颜色外形美观
买 就 很 便宜 ,性价比高
脚脖 有点 磨 ,磨脚
看起来 太 长 影响 美观 ,颜色外形美观
穿 起来 很 麻烦 ,穿脱困难
还 穿 不 进去 ,穿脱困难
还要 多 买 件 ,意向顾客
不 爽 ,整体满意度差
不用 买 大一码 ,行为建议
不用 买 大一码 ,行为建议
不用 刻意 买 大一码 ,行为建议
不用 怀疑 是 正品 ,原装正品
不 理 也 懒 理 ,回复速度慢
不用 换 刚刚 好 ,尺码合适
不用 验 也 绝对 正品 ,原装正品
不 不 说 快递 服务 超级 好 赞 ,快递态度好
不 真 也 不 假 ,正品与否
鞋子 还有 味道 鞋垫 也 没有 耐克 标志 ,气味问题
不知 是不是 正品 ,正品与否
不知 是不是 真品 ,正品与否
不知 是不是 赝品 ,正品与否
不知 是否 正品 ,正品与否
不知 是 真是 假 ,正品与否
不知 真假 ,正品与否
不知 真 还是 假货 ,正品与否
不知道 到底 是不是 真的 ,正品与否
不知道 是不是 假 ,正品与否
不知道 是不是 假货 ,正品与否
不知道 是不是 次品 ,正品与否
不知道 是不是 正品 ,原装正品
不知道 是不是 正品 ,正品与否
不知道 是不是 正品 ,正品与否
不知道 是不是 正品 脚 大的 朋友 看 办 穿 起来 有点 显 大的 ,正品与否
不知道 是不是 正品 ,正品与否
不知道 是不是 正品 挺 轻 ,正品与否
不知道 是不是 正品 来 ,正品与否
不知道 是不是 正品 没 穿过 耐克 ,正品与否
不知道 是不是 正品 匡威 ,正品与否
不知道 是不是 正品 扫码 不 显示 信息 ,正品与否
不知道 是不是 用 优惠 款 买 到 假 ,正品与否
不知道 是不是 真的 ,正品与否
不知道 是不是 真的 反正 很 臭 脚 ,闷气
不知道 是不是 真的 反正 很 臭 脚 ,正品与否
不知道 是不是 真 耐克 ,正品与否
不知道 是不是 真 货 ,正品与否
不知道 是不是 莆田造 ,正品与否
不知道 是否 真 货 ,正品与否
不知道 是 真是 假 ,正品与否
不知道 是 真是 假 没 穿过 耐克 不过 有点 不 透气 ,闷气
不知道 是 真的 假 ,正品与否
不知道 是 真 还是 假 暂时 好评 ,正品与否
不知道 是 真 还是 假 ,正品与否
不知道 看 真假 ,正品与否
不知道 真假 ,正品与否
不知道 真假 ,正品与否
不知道 真的 假 鞋 边 胶水 很多 ,溢胶
不知道 真 货 假货 ,正品与否
不知道 旗舰店 是 真是 假 ,正品与否
不知道 是 真是 假 ,正品与否
不 确定 是不是 正品 ,正品与否
不 确定 是不是 正版 ,正品与否
不 确定 是 正品 还 好 ,正品与否
不 磨脚 ,尺码合适
不 磨脚 也 很 轻 ,轻巧轻便
不 穿 袜子 会 磨脚 ,磨脚
不 穿 袜子 很 容易 磨脚 ,磨脚
不 穿 鞋 不到 身高 号 刚刚 好 ,尺码合适
不算 厚 ,不厚
不算 很 贵 带 着 很 舒服 ,舒适度佳
不算 特别 透气 ,闷气
不管 怎么 问 都 是 系统 自动 回复 ,机器人回复
不管 起码 穿着 舒服 ,舒适度佳
不管 是 物流 还是 质量 都 非常 好 ,做工优良
不管 是 物流 还是 鞋子 质量 ,做工优良
不管 是 质量 款式 都 很 精美 不错 不错 ,做工优良
不管 是 鞋 还是 客服 都 超级 好 ,客服态度好
不管 真假 也 都 不 想 退 ,正品与否
不管 真的 很 舒服 ,舒适度佳
不管 穿 多 薄 袜子 穿 会 就 潮 不舒服 ,舒适度欠佳
不 给 发票 还 说 响应 国家 号召 节约 资源 ,发票问题
不 给 补 差价 ,商家补偿
不 给 退 差价 ,商家补偿
不 给 送 ,未送货上门
不 耐磨 ,不耐磨
不 耐磨 把 ,不耐磨
不 耐磨 ,不耐磨
不 耐脏 ,不耐脏
不 耐脏 ,不耐脏
不 耐脏 柔软 舒服 ,不耐脏
不 肯 退 差价 ,商家补偿
不 胖 肌 霸 撑 不 起来 ,偏大
不能 再 完美 ,整体满意度佳
不能 再 快 ,配送快
不能 单 穿 扎 皮肤 ,舒适度欠佳
不能 在 薄 ,偏薄
不能 太 用 力 洗 刷 ,清洁保养
不能 更 满意 ,整体满意度佳
不能 用 机器人 客服 ,机器人回复
不能 给 快递 星 ,配送快
物流 不能 复盖 到 ,范围无法覆盖
不 臭 ,无异味
不 臭 脚 ,透气
不舒服 ,舒适度欠佳
不舒服 感觉 贷 ,舒适度欠佳
不舒服 穿 上 ,舒适度欠佳
不 舒适 ,舒适度欠佳
不 薄 不 厚 ,不厚
不 薄 也 不 厚 ,不厚
不 补 差价 很 难受 ,商家补偿
不要 买 不要 买 不要 买 ,行为建议
不要 听 客服 买 小半码 ,行为建议
不要 太 划算 ,性价比高
不要 太 划算 ,性价比高
不要 太 好看 ,颜色外形美观
不要 太 好看 ,颜色外形美观
不要 太 舒服 ,舒适度佳
不 觉得 太 好看 ,颜色外形欠佳
不 讲 信誉 服务 极 差 ,客服态度差
不说了 衣服 真的 很 美 ,颜色外形美观
不 贵 又 好看 ,颜色外形美观
不 超 就 够 比较 薄 ,偏薄
不足 处 稍微 有点 溢胶 ,溢胶
不足 就是 确实 很 硬 ,偏硬
不足 是 太 天 冷 才 能 穿 ,偏厚
不足 就是 掉毛 ,掉毛
不足 就是 里 边 没有 袋子 只有 鞋 盒 ,无品牌购物袋
不过 六一八 又 降价 ,价格波动
不过 穿 有点 点 大 ,偏大
不过 风 还是 舒服 ,舒适度佳
不过 开始 异味 特别 大 ,气味问题
不过 上 脚 很 舒服 ,舒适度佳
不过 上 脚 真的 很 帅气 细节 图 给 张 ,设计好
不过 上 脚 还是 挺 舒服 ,舒适度佳
不过 上身 效果 不错 ,版型不错
不过 上身 效果 很 好 ,版型不错
不过 能不能 及时 回复 ,回复速度慢
不过 不 太 好 穿 ,穿脱困难
不过 不 太 适合 脚 面 高 人 ,描述适合
不过 不 太 透气 ,闷气
不过 不 影响 穿着 舒适 感 ,舒适度佳
不过 不 影响 美观 ,颜色外形美观
不过 不得不 说 是 做工 实在 差强人意 ,做工粗糙
不过 不是 搭 扣 穿 脱 还是 不 太 方便 ,穿脱困难
不过 不是 纯 正 裸 色 ,描述颜色
不过 不是 刺鼻 难 闻 塑料味 ,气味问题
不过 不知道 是不是 正品 ,正品与否
不过 不知道 真假 ,正品与否
不过 不 臭 脚 ,透气
不过 不错 ,整体满意度佳
不过 不错 ,整体满意度佳
不过 不 防滑 ,抓地力差
不过 东西 不错 ,整体满意度佳
不过 件 价格 划算 ,性价比高
不过 个人 感觉 衣服 有点 薄 ,偏薄
不过 个人 感觉 还是 要 比 实体店 薄 ,与实体店不一致
不过 肯定 会 降价 ,价格波动
不过 也 可以 穿 ,整体满意度佳
不过 也好 看 ,颜色外形美观
不过 也 很 好 ,整体满意度佳
不过 也 很 好看 ,颜色外形美观
不过 也 很 美 ,颜色外形美观
不过 也 很 轻巧 ,轻巧轻便
不过 也 挺 好看 ,颜色外形美观
不过 也 正是 厚 软 ,偏厚
不过 也 真的 好 贵 ,性价比低
不过 也 舒服 ,舒适度佳
不过 也 还 不错 ,整体满意度佳
不过 买 完 就 降价 很 不 爽 ,价格波动
不过 买 比较 优惠 ,优惠活动
不过 今天 穿 挺 舒服 ,舒适度佳
不过 喜欢 就 好 ,整体满意度佳
不过 价格 买 时候 不 贵 买 ,性价比高
不过 价格 便宜 ,性价比高
不过 价格 便宜 ,性价比高
不过 传 上去 感觉 还是 蛮 舒服 ,舒适度佳
不过 依然 很 喜欢 ,整体满意度佳
不过 看 很 好看 ,颜色外形美观
不过 修身 效果 超 好的 ,版型不错
不过 值得一提的是 鞋 掌 包裹性 很 好 ,包裹性强
不过 偏大 码 ,偏大
不过 偏小 ,偏小
不过 做工 样子 都 不错 ,做工优良
不过 做工 款式 都 是 大爱 ,做工优良
不过 做工 精细 ,做工优良
不过 做工 细致 ,做工优良
不过 做工 还 可以 ,做工优良
不过 做 活动 价格 也 还 可以 ,优惠活动
不过 儿子 穿着 有点 小 ,偏小
不过 儿子 说 质量 不错 ,做工优良
不过 皮 料 出现 破裂 鞋带 污 脏 ,描述耐脏
不过 冲 颜值 也 是 非常 满意 ,颜色外形美观
不过 出去 溜 达 圈 就 非常 舒服 ,舒适度佳
不过 刚 买 就 降价 多 ,价格波动
不过 刚 买 就 降价 ,价格波动
不过 刚刚 好 ,尺码合适
不过 刚 到 手 味道 挺 大 ,气味问题
不过 包装 非常 粉 粉 ,包装完好
不过 包裹性 不好 ,包裹性差
不过 包裹性 不错 ,包裹性强
不过 包裹性 很 好 ,包裹性强
不过 包裹性 佳 ,包裹性差
不过 卖家 态度 很 好 ,客服态度好
不过 卖家 服务 很 好 ,客服态度好
不过 印花 是 真的 好 ,颜色外形美观
不过 原产地 印尼 什么鬼 ,产地信息
不过 反正 也 下架 给 差评 是不是 也 没有 用 ,整体满意度差
不过 发货 速度 也 蛮 快 ,发货快
不过 发 顺丰 是 惊喜 ,配送快
不过 可以 理解 ,整体满意度佳
不过 可以 穿 出门 ,整体满意度佳
不过 可以 肯定 是 正品 ,原装正品
不过 可以 说是 真品 ,原装正品
不过 号 偏小 ,偏小
不过 就 都 不 挤 ,舒适度佳
不过 后脚跟 包裹性 差 了点 ,包裹性差
不过 味 挺 大 ,气味问题
不过 味道 很 好 ,整体满意度佳
不过 味道 挺 大的 ,气味问题
不过 味道 是 真的 大 ,气味问题
不过 味道 大 ,气味问题
不过 味道 有点 大 ,气味问题
不过 味道 超级 棒 ,整体满意度佳
不过 买 不 太 一样 款 稍微 有点 儿 厚实 ,厚实
不过 实体店 一样 舒服 ,舒适度佳
不过 实体店 一样 舒服 ,与实体店一致
不过 唯一 比较 好的 是 发货 速度 特别 快 ,发货快
不过 唯一 美中不足 是 有线头 ,线头
不过 商家 服务 确实 好 ,客服态度好
不过 喜欢 ,整体满意度佳
不过 喜欢 小 包装 ,包装完好
不过 鞋子 连 袜子 也 不 送 ,期待赠品
不过 六一八 搞 活动 买 ,优惠活动
不过 胸垫 非常 厚 ,偏厚
不过 薄 自然 透 ,偏薄
不过 面料 很 有 弹性 ,弹性佳
不过 在 高 温 天气 穿 很 舒服 ,舒适度佳
不过 穿 感觉 有点 厚 ,偏厚
不过 穿 透气性 不是 很 好 ,闷气
不过 这样 舒服 ,舒适度佳
不过 外观 还 可以 ,颜色外形美观
不过 大小 合适 就 算 ,尺码合适
不过 天气 热 时候 感觉 脚 很 闷 ,闷气
不过 女 士 穿 男 士 码 还是 很 宽松 ,尺码合适
不过 好 在 款式 好看 酷 ,设计好
不过 好看 ,颜色外形美观
不过 好看 就 够 ,颜色外形美观
不过 好看 ,颜色外形美观
不过 好看 还是 好看 ,颜色外形美观
不过 好评 ,整体满意度佳
不过 孩子 很 喜欢 ,整体满意度佳
不过 孩子 说 很 合脚 ,尺码合适
不过 孩子 说 很 舒服 ,舒适度佳
不过 官网 买 应该 是 正品 ,原装正品
不过 宝贝 可以 ,整体满意度佳
不过 实体店 白色 也 是 鞋底 硬 ,偏硬
不过 实物 颜色 也 很 正 ,颜色外形美观
不过 客服 不 给力 ,客服态度差
不过 客服 回答 很 官方 ,回复机械
不过 客服 很 快 处理 收到 货 马上 补 发 ,处理积极
不过 客服 很 耐心 ,客服态度好
不过 客服 态度 很 好 ,客服态度好
不过 客服 推荐 尺码 还是 比较 准确 高 ,客服态度好
不过 客服 推荐 码数 不 准 ,业务知识欠缺
不过 客服 态度 很 好 ,客服态度好
不过 客服 服务 水平 不敢恭维 ,客服态度差
不过 客服 确实 不 给力 ,客服态度差
不过 客服 非常 不错 ,客服态度好
不过 家人 很 喜欢 ,整体满意度佳
不过 宽容 挺 舒服 ,舒适度佳
不过 脚 偏 人 鞋 感觉 有点 窄 ,偏窄
不过 对 鞋带 做工 提出 批评 ,做工粗糙
不过 就是 味道 好 重 跟 山寨 一样 重 ,气味问题
不过 就是 喜欢 骚 色 儿 ,颜色外形美观
不过 就是 尺码 比 平时 小了 ,偏小
不过 就是 感觉 有点 贵 ,性价比低
不过 就是 收到 衣服 上 绣 花 有 脏 ,描述耐脏
不过 就是 线头 ,线头
不过 就 价格 还是 值 ,性价比高
不过 尺寸 偏小 ,偏小
不过 尺码 是 感觉 有点 偏小 ,偏小
不过 尺码 是 欧 美 码 ,颜色外形美观
不过 尺码 有 偏差 拿到 尺寸 对照表 尺码 差 最 起码 码 ,尺码偏差
不过 巨 快 ,配送快
不过 布料 很 薄 ,偏薄
不过 布料 舒服 ,材质佳
不过 平时 穿 码 选 ,尺码偏差
不过 应该 不错 ,整体满意度佳
不过 应该 会 比较 舒服 ,舒适度佳
不过 应该 挺 清凉 ,透气
不过 应该 是 正品 ,原装正品
不过 应该 透气性 会 比较 好 ,透气
不过 弹性 好 ,弹性佳
不过 形状 不错 ,整体满意度佳
不过 很 不错 ,整体满意度佳
不过 很 保暖 ,保暖
不过 很 划算 ,性价比高
不过 很 厚 ,厚实
不过 很 合脚 ,尺码合适
不过 很 好看 ,颜色外形美观
不过 很 好看 ,颜色外形美观
不过 很 满意 ,整体满意度佳
不过 很 漂亮 ,颜色外形美观
不过 很 漂亮 跟 想象 差不多 ,颜色外形美观
不过 很 百搭 快递 也 很 快 拍 完 天 就 没有 码 还是 挺 幸运 ,配送快
不过 很 美 ,颜色外形美观
不过 很 耐磨 ,耐磨
不过 很 舒服 ,舒适度佳
不过 很 舒服 说 ,舒适度佳
不过 很 舒服 确实 ,舒适度佳
不过 很 舒适 ,舒适度佳
不过 很 薄 ,偏薄
不过 很 轻 ,轻巧轻便
不过 很 透气 ,透气
不过 很 难 穿 上 脚 ,穿脱困难
不过 快 到 是 挺 快 ,配送快
不过 快点 挺 快 ,配送快
不过 快递员 态度 不好 ,快递态度差
不过 快递 太 给 ,配送快
不过 快递 很 快 ,配送快
不过 快递 挺 快 ,配送快
不过 快递 速度 太 快 ,配送快
不过 快递 真是 给力 ,配送快
不过 快递 真的 很 赞 ,快递态度好
不过 快递 速度 是 真的 快 ,配送快
不过 快递 速度 比 原来 要 慢 ,配送慢
不过 怎么 感觉 专柜 有点 儿 不一样 ,与实体店不一致
不过 怎么 连 气筒 也 不 送 ,期待赠品
不过 性价比 很 高 ,性价比高
不过 总体 很 满意 ,整体满意度佳
不过 总体 还 好 ,整体满意度佳
不过 总体 还 行 ,整体满意度佳
不过 想 换 大一码 不 太 好看 ,颜色外形美观
不过 想 来 穿 上 会 很 好看 ,颜色外形美观
不过 想 着 官方店 应该 不会 有 假 ,正品与否
不过 感觉 不像 正品 ,正品与否
不过 感觉 也 有点 贵 ,性价比低
不过 感觉 有点 偏大 ,偏大
不过 感觉 有点 掉毛 ,掉毛
不过 感觉 没 店 里 厚 ,与实体店不一致
不过 脚 穿 起来 刚刚 好 ,尺码合适
不过 这边 顺丰快递 小伙子 态度 不 怎么 让 人 舒服 ,快递态度差
不过 同学 说 闪闪 挺 好看 ,颜色外形美观
不过 喜欢 ,整体满意度佳
不过 喜欢 包装 也 很 精细 ,包装完好
不过 妹 说穿 着 挺 舒服 ,舒适度佳
不过 很 奇怪 是 明明 写 发货 地 是 上海 怎么 变 河北 廊 坊 ,发货快
不过 感觉 有点 厚 ,偏厚
不过 觉得 码 应该 也 能 穿 ,尺码合适
不过 觉得 很 好 ,整体满意度佳
不过 戴 在 头 上 很 酷 ,版型不错
不过 打 篮球 磨损 挺 厉害 ,不耐磨
不过 拖鞋 大 穿着 舒服 ,舒适度佳
不过 拖鞋 宽松 轻便 点 也 无所谓 ,轻巧轻便
不过 挺 凉快 ,透气
不过 挺 喜欢 ,整体满意度佳
不过 挺 好 ,整体满意度佳
不过 挺 好的 ,整体满意度佳
不过 挺 好看 ,颜色外形美观
不过 挺 好看 ,颜色外形美观
不过 挺 舒服 ,舒适度佳
不过 挺 舒服 ,舒适度佳
不过 挺 舒适 ,舒适度佳
不过 搞 活动 划算 ,优惠活动
不过 摸 着 很 舒服 ,材质佳
不过 摸 起来 很 舒服 ,材质佳
不过 支撑 度 非常 完美 ,支撑效果好
不过 收到 时候 胶味 挺 大的 ,气味问题
不过 收到 衣服 颜色 让我 有点 惊讶 ,描述颜色
不过 效果 还是 美美 滴 ,版型不错
不过 整体 很 不错 ,整体满意度佳
不过 整体 还 不错 ,整体满意度佳
不过 整体 还 不错 ,整体满意度佳
不过 整体 还 可以 ,整体满意度佳
不过 料子 很 舒服 ,材质佳
不过 料子 摸 着 不如 商场 里 巧克力 衣服 舒服 ,材质佳
不过 料子 摸 着 不如 商场 里 巧克力 衣服 舒服 ,与实体店不一致
不过 料子 硬 硬 ,材质欠佳
不过 斯凯奇 不 耐磨 也 是 真的 ,不耐磨
只 鞋 后跟 处 漏胶 严重 ,溢胶
不过 是 正品 ,原装正品
不过 暖和 是 真的 ,保暖
不过 有 脱线 地方 ,脱线
不过 有 扎 ,舒适度欠佳
不过 有 裤子 买 小了 ,偏小
不过 有 叫 客服 实在 太 差 ,客服态度好
不过 地方 有点 脱胶 ,脱胶
不过 有味 道 ,气味问题
不过 有 弹性 ,弹性佳
不过 有 拉链 穿着 舒服 让我 很 喜欢 ,舒适度佳
不过 有点 厚 ,偏厚
不过 有点味 道 ,气味问题
不过 有点 掉毛 ,掉毛
不过 有点 瑕疵 ,瑕疵
不过 有点 短 ,偏短
不过 有点 脚 臭 ,闷气
不过 有点 贵 ,性价比低
不过 有点 贵 ,性价比低
不过 有点 长 ,偏长
不过 有的 地方 做工 有点 粗糙 ,做工粗糙
不过 有的 地方 出 胶 ,溢胶
不过 有线头 ,线头
不过 有 股 很 难 闻 气味 ,气味问题
不过 有色 差 ,有色差
不过 服务 不 人性化 ,客服态度差
不过 服务 也 太 慢 ,回复速度慢
不过 服务 很 好 ,客服态度好
不过 材质 味道 比较 重 ,气味问题
不过 样子 不错 好看 ,设计好
不过 样子 可以 ,设计好
不过 样子 好看 ,设计好
不过 样子 很 好 ,设计好
不过 样子 很 好看 ,设计好
不过 样子 挺 好看 ,设计好
不过 样子 还是 不错 ,设计好
不过 款式 不错 ,设计好
不过 款式 好看 ,设计好
不过 款式 很 好 ,设计好
不过 款式 真的 好看 ,设计好
不过 款式 还是 描述 一样 ,与详情页一致
不过 款式 颜色 挺 好看 ,设计好
不过 正 合适 ,尺码合适
不过 比 实体店 感觉 支撑 力度 小 ,与实体店不一致
不过 比 屎 好 闻 ,气味问题
不过 比较 薄 ,偏薄
不过 比较 酷 ,版型不错
不过 比 风衣 又 厚 ,偏厚
不过 毕竟 厚 ,偏厚
不过 气味 也 是 挺 大的 ,气味问题
不过 没 异味 ,无异味
不过 没想到 是 居然 不 舒适 ,舒适度佳
不过 没想到 是 居然 不 舒适 ,舒适度欠佳
不过 没想到 衣服 有点 薄 ,偏薄
不过 没有 发票 ,发票问题
不过 没有 色差 ,无色差
不过 泡沫 鞋底 不 耐磨 倒 是 对的 ,不耐磨
不过 洗 时候 盆 子 里 水 都 是 黑色 ,掉色
不过 溢胶 很多 ,溢胶
不过 版型 好看 ,版型不错
不过 版型 确实 很 好 ,版型不错
不过 版型 非常 好 ,版型不错
不过 版型 非常 棒 ,版型不错
版型 非常 棒 ,版型不错
不过 牛 筋 感觉 没有 黑色 好看 ,颜色外形美观
不过 物流 倒 是 挺 快 ,配送快
不过 物流 很 快 ,配送快
不过 物流 速度 挺 快 ,配送快
不过 物流 真心 赞 ,配送快
不过 物流 真心 快 ,配送快
不过 物流 还 可以 ,配送快
不过 物流 还是 很 不错 ,配送快
不过 物流 还是 给力 ,配送快
不过 用来 跑步 还是 挺 舒服 ,舒适度佳
不过 男友 说 很 喜欢 ,整体满意度佳
不过 的确 有点 偏小 ,偏小
不过 相信 会 穿 出 感觉 ,描述穿着
不过 看到 盒子 破 心里 不 爽 ,包装破损
不过 看 感觉 还 不错 ,整体满意度佳
不过 看 着 挺 美 ,颜色外形美观
不过 看 着 还 不错 ,整体满意度佳
不过 看 胶 粘 挺 明显 ,溢胶
不过 真实 颜色 更 好看 ,有色差
不过 真的 偏大 ,偏大
不过 真的 刚刚 好 ,尺码合适
不过 真的 好 厚 ,偏厚
不过 真的 好看 ,颜色外形美观
不过 真的 好 贵 ,性价比低
不过 真的 很 好看 ,颜色外形美观
不过 真的 很 舒服 ,舒适度佳
不过 真的 很 薄 很 软 ,柔软
不过 真的 挤 脚背 ,舒适度欠佳
不过 真的 挺 好看 ,颜色外形美观
不过 真的 挺 满意 ,整体满意度佳
不过 真的 挺 薄 ,偏薄
不过 真的 特别 好看 ,颜色外形美观
不过 真的 超 轻 ,轻巧轻便
不过 码子 偏大 ,偏大
不过 码子 偏小 ,偏小
不过 码数 偏小 ,偏小
不过 码数 有点 偏大 ,偏大
不过 码 有 小 ,偏小
不过 码 有点 偏大 ,偏大
不过 确实 买 小了 ,行为建议
不过 确实 味道 是 有点 大 ,气味问题
不过 确实 大 ,偏大
不过 确实 是 尺码 偏大 很多 ,偏大
不过 确实 比较 难 穿 难脱 ,穿脱困难
不过 确实 码 偏小 ,偏小
不过 确实 舒服 ,舒适度佳
不过 穿 正 正好 ,尺码合适
不过 稍微 有点 大 ,偏大
不过 穿 会 儿 适应 还是 满 好 穿 透气 ,透气
不过 穿 一天 脖子 有点 勒 ,舒适度欠佳
不过 穿 上 显得 还是 挺 好看 ,颜色外形美观
不过 穿 上 非常 修饰 胸 型 ,颜色外形美观
不过 穿 上 很 好看 很 有型 ,版型不错
不过 穿 上 很 舒服 ,舒适度佳
不过 穿 上 挺 好看 ,颜色外形美观
不过 穿 上 是 真的 舒服 ,舒适度佳
不过 穿 上 真的 很 帅气 ,设计好
不过 穿 上 还 不错 ,整体满意度佳
不过 穿 上 还是 挺 好看 ,颜色外形美观
不过 穿 久 会 有 折痕 ,褶皱
不过 穿 天 就 超级 舒服 就是 走路 会 有 声 ,舒适度佳
不过 穿 时间 长 就 ,描述穿着
不过 穿 时候 不 太 好 穿 ,穿脱困难
不过 穿着 不错 ,整体满意度佳
不过 穿着 也 不错 ,整体满意度佳
不过 穿着 很 舒服 ,舒适度佳
不过 穿着 很 轻 很 舒服 ,舒适度佳
不过 穿着 挺 凉快 ,透气
不过 穿着 挺 舒服 ,舒适度佳
不过 穿着 比较 舒服 ,舒适度佳
不过 穿着 看上去 是 很 酷 ,版型不错
不过 穿着 真的 挺 舒服 ,舒适度佳
不过 穿着 舒服 ,舒适度佳
不过 穿着 轻巧 ,轻巧轻便
不过 穿着 还是 挺 舒服 ,舒适度佳
不过 穿着 还 算 好看 ,颜色外形美观
不过 穿着 都 挺 好 ,整体满意度佳
不过 穿 起来 不错 ,整体满意度佳
不过 穿 起来 合适 ,尺码合适
不过 穿 起来 就 很 舒服 ,舒适度佳
不过 穿 起来 很 好看 ,颜色外形美观
不过 穿 起来 很 暖 ,保暖
不过 穿 起来 很 漂亮 ,颜色外形美观
不过 穿 起来 很 磨 ,磨脚
不过 穿 起来 很 舒服 ,舒适度佳
不过 穿 起来 很 舒服 料子 ,材质佳
不过 穿 起来 很 舒服 还是 很 开心 ,舒适度佳
不过 穿 起来 挺 好看 ,颜色外形美观
不过 穿 起来 挺 舒服 ,舒适度佳
不过 穿 起来 舒服 ,舒适度佳
不过 穿 起来 还是 很 舒服 ,舒适度佳
不过 穿 起来 还是 很 舒适 ,舒适度佳
不过 穿 起来 还是 挺 好看 ,颜色外形美观
不过 穿 起来 还是 蛮 舒服 ,舒适度佳
不过 穿 进去 还是 很 舒服 ,舒适度佳
不过 天 出门 就 磨破 脚 后跟 ,磨脚
不过 第一次 洗 时候 掉色 严重 ,掉色
不过 也 有 瑕疵 鞋 标 对 不 齐 ,瑕疵
不过 纯棉 容易 起球 ,起球
不过 细节 做 得 好 ,整体满意度佳
不过 经过 卖家 耐心 沟通 积极 处理 ,处理积极
不过 缩水 厉害 ,缩水
美中不足 就是 容易 开胶 ,脱胶
不过 美中不足 就是 容易 开胶 ,脱胶
不过 老公 穿 有点 小了 ,偏小
不过 老婆 喜欢 ,整体满意度佳
不过 老 爸 穿 刚刚 好 ,尺码合适
不过 考虑 双十一 ,优惠活动
不过 耐克 鞋子 款式 普遍 比 阿迪达斯 好看 ,设计好
不过 聚划算 买 特价 超级 划算 ,优惠活动
不过 肯定 速干 ,速干
不过 背 上 看 着 不错 ,整体满意度佳
不过 背 上身 很 合适 ,尺码合适
不过 胜 在 版型 ,版型不错
不过 胜 在 版型 好 ,版型不错
胜 在 版型 好 ,版型不错
不过 胜 在 鞋子 很 好看 ,颜色外形美观
不过 胶味 儿 有点 重 ,气味问题
不过 胶味 有点 大 ,气味问题
不过 胶水 有 溢出 ,溢胶
不过 脚 偏 瘦 穿着 舒服 去 ,舒适度佳
不过 脚 有点 硬 ,偏硬
不过 脚跟 有 皱纹 ,褶皱
不过 舒服 就 够 ,舒适度佳
不过 舒服 最 重要 ,舒适度佳
不过 舒服 还是 很 舒服 ,舒适度佳
不过 舒适度 比 不 ,舒适度佳
不过 色差 不大 ,有色差
不过 蛮 帅 ,设计好
不过 蛮 舒服 ,舒适度佳
不过 衣服 不错 ,整体满意度佳
不过 衣服 很 薄 有点 透 ,偏薄
不过 衣服 是 好看 ,颜色外形美观
不过 衣服 款式 还有 厚度 打折 价格 入手 很 划算 ,偏厚
不过 衣服 款式 还有 厚度 打折 价格 入手 很 划算 ,性价比高
不过 衣服 质量 好 到 没 法 说 ,做工优良
不过 衣服 质量 还是 不错 滴 ,做工优良
不过 衣服 质量 还是 不错 ,做工优良
不过 衣服 面料 穿着 很 舒服 ,材质佳
不过 衬衫 宽松 比较 好看 ,颜色外形美观
不过 袋子 太 大了 ,包装尺寸不合适
不过 要 注意 下 脚掌 度 脚 度 比较 大 买 多半 码 刚刚 好 ,尺码合适
不过 觉得 很 暖和 ,保暖
不过 觉得 有点 机械 ,回复机械
不过 设计 鞋 舌头 是 有点 太 厚 ,偏厚
不过 试 下 大小 刚刚 好 ,尺码合适
不过 貌似 买 大了 ,偏大
不过 貌似 号 大 ,偏大
不过 貌似 比 实体店 试 号码 要 大 ,与实体店不一致
不过 质感 很 不错 ,手感好
不过 质量 不错 ,做工优良
不过 质量 不错 发货 也 很 快 ,做工优良
不过 质量 都 很 不错 ,做工优良
不过 质量 做工 很 不错 ,做工优良
不过 质量 可以 ,做工优良
不过 质量 舒适 感 没得说 ,做工优良
不过 质量 应该 是 可以 ,做工优良
不过 质量 很 好 ,做工优良
不过 质量 挺 好 ,做工优良
不过 质量 没问题 ,做工优良
不过 质量 确实 很 赞 ,做工优良
不过 质量 还 不错 ,做工优良
不过 质量 还 可以 ,做工优良
不过 质量 还是 不错 ,做工优良
不过 质量 还是 可以 ,做工优良
不过 质量 还是 很 不错 ,做工优良
不过 质量 还是 很 好 ,做工优良
不过 超级 好看 好看 惦 记 周 鞋 ,颜色外形美观
不过 跟 专柜 一样 ,与实体店一致
不过 轻微 有点 溢胶 ,溢胶
不过 运动 内衣 就是 难 穿 ,穿脱困难
不过 运动 穿 上 舒服 ,舒适度佳
不过 还 不错 ,整体满意度佳
不过 还 可以 ,整体满意度佳
不过 还 可以 快递 挺 快 ,配送快
不过 还 可以 接受 ,整体满意度佳
不过 还 合脚 ,尺码合适
不过 还 好 ,整体满意度佳
不过 还 好 ,整体满意度佳
不过 还 好 鞋子 穿 挺 舒服 ,舒适度佳
不过 还 挺 满意 ,整体满意度佳
不过 还是 不错 ,整体满意度佳
不过 还是 厚 厚 ,偏厚
不过 还是 合适 ,尺码合适
不过 还是 好看 ,颜色外形美观
不过 还是 很 喜欢 ,整体满意度佳
不过 还是 很 好 ,整体满意度佳
不过 还是 很 好看 ,颜色外形美观
不过 还是 很 好看 ,颜色外形美观
不过 还是 很 帅 ,设计好
不过 还是 很 暖和 ,保暖
不过 还是 很 美 ,颜色外形美观
不过 还是 很 舒服 ,舒适度佳
不过 还是 很 贴合 ,尺码合适
不过 还是 挺 好的 ,整体满意度佳
不过 还是 挺 好看 ,颜色外形美观
不过 还是 挺 好看 ,颜色外形美观
不过 还是 挺 满意 ,整体满意度佳
不过 还是 挺 舒服 ,舒适度佳
不过 还是 炒鸡 喜欢 ,整体满意度佳
不过 还是 蛮 优惠 ,优惠活动
不过 还是 蛮 漂亮 ,颜色外形美观
不过 还是 觉得 有点 贵 ,性价比低
不过 还是 非常 好看 ,颜色外形美观
不过 还 真 有点 臭 ,气味问题
不过 还 算 舒服 ,舒适度佳
不过 还 蛮 好看 ,颜色外形美观
不过 还 蛮 漂亮 ,颜色外形美观
不过 还 行 ,整体满意度佳
不过 还 行 ,整体满意度佳
不过 发 过来 线头 太 多 ,线头
不过 大赛 配色 也 帅 到 抠 脚 ,设计好
不过 价钱 怎么 买 都 不 亏 就是 送 套 倒 是 跟 关键 ,性价比高
就是 送 套 倒 是 跟 关键 ,促销赠品
不过 印 加 金色 实物 跟 图片 比起 来 比较 绿 ,与详情页不一致
不过 款 码数 比 其他 鞋子 要 小 得 多 ,尺码偏差
不过 颜色 也 行 ,颜色外形美观
不过 是 印度尼西亚 产 ,产地信息
不过 荧光 绿 比 黑色 内衬 弹性 好 ,弹性佳
不过 标志 做工 感觉 差 了点 ,做工粗糙
不过 换 码 衣服 送 来 时 很 皱 ,褶皱
不过 还是 挺 合身 ,尺码合适
不过 款 倒 感觉 稍 大 ,偏大
不过 款 真的 是 偏小 ,偏小
不过 衣服 有 弹性 ,弹性佳
不过 鞋 鞋底 很 舒服 ,舒适度佳
不过 背心 真的 好 ,整体满意度佳
不过 鞋 很 窄 ,偏窄
不过 送 围脖 ,促销赠品
不过 适合 脚 女生 穿 哈 ,身体
不过 透气性 超级 好 ,透气
不过 速度 真的 快 ,配送快
不过 遇 上 活动 ,优惠活动
不过 都 说 不错 ,整体满意度佳
不过 锁 边 有 多 馀 线头 ,线头
不过 长度 腰围 都 刚好 ,尺码合适
不过 防风 面料 应该 还是 会 比较 保暖 ,保暖
不过 非常 不错 ,整体满意度佳
不过 面料 很 舒服 ,材质佳
不过 面料 柔软 舒服 ,柔软
不过 面料 的确 厚实 ,厚实
不过 面料 舒服 号码 偏小 ,偏小
不过 面料 舒服 号码 偏小 ,材质佳
不过 面料 非常 舒适 ,材质佳
不过 鞋垫 弹性 很 好 ,弹性佳
不过 鞋子 上 脚 还是 蛮 舒服 ,舒适度佳
不过 鞋子 不错 ,整体满意度佳
不过 鞋子 其实 不是 很 舒服 ,舒适度欠佳
不过 鞋子 味道 很大 天 还有 味道 ,气味问题
不过 鞋子 味道 挺 大的 ,气味问题
不过 鞋子 很 好看 ,颜色外形美观
不过 鞋子 挺 好的 ,整体满意度佳
不过 鞋子 掉色 ,掉色
不过 鞋子 是 有点 偏小 ,偏小
不过 鞋子 是 正品 ,原装正品
不过 鞋子 真的 很 轻 ,轻巧轻便
不过 鞋子 气味 比较 重 ,气味问题
不过 鞋子 真的 非常 非常 轻 ,轻巧轻便
不过 鞋子 确实 不错 ,整体满意度佳
不过 鞋子 舒服 是 真的 很 舒服 ,舒适度佳
不过 鞋子 还是 挺 轻快 ,轻巧轻便
不过 鞋底 不 怎么 舒服 有点 硬 ,偏硬
不过 鞋底 不 耐磨 ,不耐磨
不过 鞋底 偏硬 ,偏硬
不过 鞋底 感觉 不 耐磨 ,不耐磨
不过 鞋底 有点 硬 ,偏硬
不过 鞋底 特别 软 ,柔软
不过 鞋 很 好 ,整体满意度佳
不过 鞋 味道 太 大了 ,气味问题
不过 鞋 盒 被 压 坏 ,包装破损
不过 鞋 真的 很 好看 ,颜色外形美观
不过 鞋 码 稍 偏小 ,偏小
不过 鞋 身 有点 宽 ,偏宽
不过 顺丰 不 送货上门 ,未送货上门
不过 顺丰 包邮 好评 ,整体满意度佳
不过 顺丰快递 很 不错 ,快递态度好
不过 顺丰 确实 是 一如既往 快 ,配送快
不过 顺丰 速 递 还是 杠杠 滴 ,配送快
不过 颜色 好看 ,颜色外形美观
不过 颜色 很 好看 ,颜色外形美观
不过 颜色 很 好看 ,颜色外形美观
不过 颜色 没 图片 亮 ,与详情页不一致
不过 颜色 真的 好看 ,颜色外形美观
不 退 差价 ,商家补偿
不 送 ,未送货上门
不 送 乡镇 ,未送货上门
不 送到 家 ,未送货上门
不 送到 家 ,未送货上门
不 送 气 ,期待赠品
不 送 让 自己 取 ,未送货上门
不 送货 ,未送货上门
还 不 送货 ,未送货上门
不 送货上门 ,未送货上门
不 送货 也 就 算 ,未送货上门
不 送货 ,未送货上门
不 送达 快递 签收 地 ,未送货上门
不适合 春秋 季节 单 穿 还 不错 掉色 一般 ,掉色
不适合 脚 人 ,行为建议
不适合 运动会 起毛 ,起球
不 透 做工 挺 好的 ,做工优良
不 透 无 色差 ,无色差
不 透 无 色差 尺码 合适 ,尺码合适
不 透明 舒服 正好 很 及时 很 好 ,舒适度佳
不 透气 ,闷气
不 透气 保暖 好 ,保暖
不 透气 不 透气 不 透气 ,闷气
不 透气 热 电脑 客服 快递 快 ,闷气
不 透气 热 电脑 客服 快递 快 ,配送快
不 透 适中 无 舒适 好 发货 快 物流 快 ,发货快
不 透 面料 一般 ,材质欠佳
不过 试穿 会 好 鞋底 很 硬 过 段 时间 再来 继续 评价 ,偏硬
不过 放 天 味道 就 淡 掉 ,气味问题
不过 有点 偏大 ,偏大
不 重 ,无效信息
不错 穿 号 大了 点 ,偏大
不错 值得 购买 ,性价比高
不错 好看 双十一 发货 也 很 快 ,颜色外形美观
不错 好看 双十一 发货 也 很 快 ,配送快
不错 ,整体满意度佳
不错 ,整体满意度佳
不错 ,整体满意度佳
不错 ,整体满意度佳
不错 码 正好 ,尺码合适
不错 ,整体满意度佳
不错 ,整体满意度佳
不错 ,整体满意度佳
不错 ,整体满意度佳
不错 就是 味道 大了 点 ,气味问题
不错 不过 颜色 真心 不 好看 ,颜色外形欠佳
不错 味道 很大 ,气味问题
不错 好评 ,整体满意度佳
不错 就是 白色 部分 是 白 灰色 ,描述颜色
不错 尺寸 刚刚 好 ,尺码合适
不错 很 满意 ,整体满意度佳
不错 没想到 顺丰 也 慢 ,配送慢
不错 穿着 很 舒服 ,舒适度佳
不错 穿着 舒服 ,舒适度佳
不错 穿 起来 很 舒服 ,舒适度佳
不错 老公 很 喜欢 ,整体满意度佳
不错 舒适 好看 ,舒适度佳
不错 舒适 好看 ,颜色外形美观
不错 质量 挺 好 ,做工优良
不错 非常 轻薄 凉快 不错 物流 太 给力 必须 赞 ,偏薄
不错 非常 轻薄 凉快 不错 物流 太 给力 必须 赞 ,轻薄
不错 钱 货 ,整体满意度佳
不错 一直 买 ,意向顾客
不错 一直 喜欢 ,意向顾客
不错 不会 透 ,整体满意度佳
不错 不是 很 厚 ,不厚
不错 不 粗 ,整体满意度佳
不错 不 透气 ,闷气
不错 不错 ,整体满意度佳
不错 不错 上身 很 帅 ,版型不错
不错 不错 不 催 ,整体满意度佳
不错 不错 不错 ,整体满意度佳
不错 不错 不错 不错 ,整体满意度佳
不错 不错 十分 满意 ,整体满意度佳
不错 不错 发 顺丰 收货 很 快 ,配送快
不错 不错 ,整体满意度佳
不错 不错 ,整体满意度佳
不错 不错 喜欢 ,整体满意度佳
不错 不错 大小 合适 ,尺码合适
不错 不错 好看 ,颜色外形美观
不错 不错 客服 态度 很 好 赞 赞 ,客服态度好
不错 不错 很 合脚 ,尺码合适
不错 不错 很 喜欢 ,整体满意度佳
不错 不错 很 好 ,整体满意度佳
不错 不错 很 好看 ,颜色外形美观
不错 不错 挺 好看 ,颜色外形美观
不错 不错 是 正品 很 好 ,原装正品
不错 不错 款式 再 多 ,设计好
不错 不错 正品 ,原装正品
不错 不错 满意 ,整体满意度佳
不错 不错 物流 也 很 快 ,配送快
不错 不错 袜子 ,整体满意度佳
不错 不错 简单 大方 材料 看起来 还 耐脏 舒服 软硬 适中 有点 弹性 ,耐脏
不错 不错 质量 过硬 颜色 无 色差 ,做工优良
不错 不错 价格 对得起 ,性价比高
不错 不错 鞋子 非常 满意 穿 起来 舒服 实战 肯定 也 没问题 ,舒适度佳
不错 不错 鞋底 很 软 穿着 很 舒服 ,舒适度佳
不错 买了 ,意向顾客
买 大了 码 ,偏大
鞋子 橡胶味 蛮 大的 ,气味问题
不错 买 给 弟弟 ,整体满意度佳
不错 买 给 老弟 ,整体满意度佳
不错 ,整体满意度佳
不错 五星 好评 ,整体满意度佳
不错 代 步 穿 ,整体满意度佳
不错 价格 实惠 ,性价比高
不错 价格高 ,整体满意度佳
不错 休闲 舒适 ,舒适度佳
不错 休闲 舒适 ,整体满意度佳
不错 号 偏小 脚 穿 ,偏小
不错 有点 儿 硬 ,整体满意度佳
不错 浅色 不 耐脏 ,不耐脏
不错 衣服 还是 偏长 ,偏长
不错 需要 打 眼 ,整体满意度佳
不错 便宜 ,整体满意度佳
不错 便宜 百搭 简单 薄 透 居 家 旅行 必备 ,性价比高
不错 值 ,整体满意度佳
不错 值得 ,整体满意度佳
不错 做 功 很 好 正品 非常 满意 物流 还是 顺丰 ,原装正品
不错 做工 很 好 ,做工优良
不错 儿子 喜欢 ,整体满意度佳
不错 儿子 穿 刚刚 好 ,尺码合适
不错 儿子 穿着 打球 质量 杠杠 滴 ,做工优良
不错 全 分 ,整体满意度佳
不错 刚刚 好 长度 ,尺码合适
不错 包装 精美 ,包装美观
不错 包裹性 很 好 ,包裹性强
不错 即可 ,整体满意度佳
不错 双十一 价格 很 优惠 ,优惠活动
双十一 买 得 相当 划算 ,优惠活动
双十一 物流 超级 给力 ,配送快
不错 反正 个人 挺 喜欢 张 图 给 参考 下 快递 一如既往 快 ,配送快
不错 发货 快 就是 顺丰 不 送 上 楼 ,发货快
就是 顺丰 不 送 上 楼 ,未送货上门
只是 买 小了 ,偏小
不错 只是 价格 小贵 ,性价比低
不错 只是 价格 小贵 ,整体满意度佳
不错 可以 ,整体满意度佳
不错 可以 买 ,行为建议
不错 可以 可以 ,整体满意度佳
不错 可以 ,整体满意度佳
不错 合适 ,尺码合适
不错 ,整体满意度佳
不错 很 合适 ,场景合适
不错 ,整体满意度佳
不错 ,整体满意度佳
不错 ,整体满意度佳
不错 ,整体满意度佳
不错 很 喜欢 ,整体满意度佳
不错 专柜 摸 一样 ,与实体店一致
不错 ,整体满意度佳
不错 哈 ,整体满意度佳
不错 哈 上身 效果 很 好 面料 舒服 ,材质佳
不错 哈 上身 效果 很 好 面料 舒服 ,版型不错
不错 ,整体满意度佳
不错 ,整体满意度佳
不错 物流 很 快 ,配送快
不错 ,整体满意度佳
不错 买了 ,整体满意度佳
不错 ,整体满意度佳
不错 好 适合 打底 ,行为建议
不错 就是 买 完 就 降价 ,价格波动
不错 应该 不 跑毛 ,整体满意度佳
不错 穿 起 挺 舒服 ,舒适度佳
不错 ,整体满意度佳
不错 稳 ,整体满意度佳
不错 好看 ,颜色外形美观
不错 正好 适合 ,描述适合
不错 物美价廉 穿 里 搭 都 是 极 好的 ,性价比高
不错 物美价廉 穿 里 搭 都 是 极 好的 ,搭配性强
不错 价格 蛮 值 ,性价比高
不错 ,整体满意度佳
不错 ,整体满意度佳
不错 喜欢 ,整体满意度佳
不错 喜欢 还 会 在 来 买 ,意向顾客
不错 喜欢 还 会 再来 ,意向顾客
不错 ,整体满意度佳
不错 ,整体满意度佳
不错 穿着 舒服 最 喜欢 nike 爱 ,舒适度佳
不错 大小 刚好 也 很 舒服 ,尺码合适
不错 大小 刚好 也 很 舒服 ,舒适度佳
不错 大爱 宝贝 ,整体满意度佳
不错 ,整体满意度佳
不错 好 ,整体满意度佳
不错 好看 ,颜色外形美观
不错 好看 还 暖和 ,保暖
不错 好评 ,整体满意度佳
不错 好 香 ,整体满意度佳
不错 孩子 喜欢 好 ,整体满意度佳
不错 孩子 很 喜欢 ,整体满意度佳
不错 完美 ,整体满意度佳
不错 官网 正品 ,原装正品
不错 实惠 ,性价比高
不错 实物 很 赞 ,整体满意度佳
不错 客服 很 负责 ,客服态度好
不错 客服 真心 好 ,客服态度好
不错 就是 ,整体满意度佳
不错 就是 大了 点 ,偏大
不错 就是 带子 用 着 有 短 ,偏短
就是 感觉 码 有点 偏小 ,偏小
不错 就是 感觉 薄 了点 ,偏薄
不错 就是 有 口袋 显得 肥 穿着 正好 ,尺码合适
不错 就是 有点 厚 ,偏厚
不错 就是 有点 短 ,偏短
不错 就是 有点 窄 ,偏窄
不错 就是 有点 胖 ,整体满意度佳
不错 就是 有点 贵 ,性价比低
不错 就是 有点 贵 ,整体满意度佳
不错 就是 没有 胸垫 ,整体满意度佳
不错 就是 物流 太 慢 ,配送慢
不错 就是 略 小 还 行 ,偏小
不错 就是 第一次 洗 要 掉色 最好 衣服 分开 洗 ,掉色
不错 就是 衣服 有点 长 ,偏长
不错 就是 贵 ,性价比低
不错 就是 贵 ,整体满意度佳
不错 尺码 合适 快递 超 快 全 五星 ,尺码合适
不错 应该 是 正品 ,原装正品
不错 应该 正品 ,原装正品
不错 应该 真的 ,原装正品
不错 应该 真的 ,整体满意度佳
不错 很 nice ,整体满意度佳
不错 很 凉快 ,透气
不错 很 可爱 ,设计好
不错 很 合身 ,尺码合适
不错 很 合身 ,整体满意度佳
不错 很 合适 孩子 脚 部位 ,尺码合适
不错 很 吸汗 ,吸汗
不错 很 吸汗 ,整体满意度佳
不错 很 喜欢 ,整体满意度佳
不错 很 喜欢 大小 刚好 ,尺码合适
不错 很 喜欢 质量 也 挺 好的 一直 喜欢 牌子 ,做工优良
不错 很大 ,偏大
不错 很 好 ,整体满意度佳
不错 很 好 就是 裤子 长 ,偏长
不错 很 好 折扣 低 ,优惠活动
不错 很 好 折扣 低 ,整体满意度佳
不错 很 好的 鞋子 ,整体满意度佳
不错 很 好看 ,颜色外形美观
不错 很 好看 穿 码 感觉 稍 宽松 很 适合 哈 ,宽松
不错 很 宽松 舒服 ,舒适度佳
不错 很 宽松 舒服 ,整体满意度佳
不错 很 帅 ,设计好
不错 很 快 ,整体满意度佳
不错 很 快 ,配送快
不错 很 棒 ,整体满意度佳
不错 很 棒 棒 看 评论 说 质量 不好 薄 回来 没 洗 就 试穿 感觉 很 棒 ,做工优良
不错 很 满意 ,整体满意度佳
不错 很 满意 快递 效率 也 高 ,配送快
不错 很 漂亮 ,颜色外形美观
不错 很 美 ,颜色外形美观
不错 很 美 ,整体满意度佳
不错 很 舒服 ,舒适度佳
不错 很 舒服 可以 调节 老婆 很 喜欢 ,舒适度佳
不错 很 舒服 很 好 ,舒适度佳
不错 很 舒适 ,舒适度佳
不错 很 轻便 ,轻巧轻便
不错 很 轻 很 舒服 就是 白色 不好 打理 ,舒适度佳
不错 很 轻 物流 超 快 ,轻巧轻便
不错 很 轻 物流 超 快 ,配送快
不错 很 轻 ,轻巧轻便
不错 很 酷 ,整体满意度佳
不错 很 骚气 ,整体满意度佳
不错 快递 也 给力 质量 好 ,做工优良
不错 快递 很 快 ,配送快
不错 快递 给力 ,配送快
不错 快递 非常 快 隔天就到 颜色 很 骚 质量 也 可以 过 天 补 图 ,做工优良
不错 性价比 蛮 高 ,性价比高
不错 性价比 高 ,性价比高
不错 感觉 气垫 不 明显 ,气垫效果差
不错 喜欢 ,整体满意度佳
不错 很 喜欢 身高 体重 穿 码 很 舒服 ,尺码合适
不错 很 喜欢 身高 体重 穿 码 很 舒服 ,舒适度佳
不错 手感 好 合身 快递 很 快 ,尺码合适
不错 手感 好 合身 快递 很 快 ,配送快
不错 打 篮球 穿 很 舒服 ,舒适度佳
不错 抓地力 很 好 ,抓地力强
不错 抓地力 很 好 ,整体满意度佳
不错 拖鞋 很 美 觉得 ,颜色外形美观
不错 挺 划算 ,性价比高
不错 挺 厚 ,厚实
不错 挺 厚 ,整体满意度佳
不错 挺 合身 ,尺码合适
不错 挺 合适 ,尺码合适
不错 挺 喜欢 ,整体满意度佳
不错 挺 喜欢 ,整体满意度佳
不错 挺 好 ,整体满意度佳
不错 挺 好用 ,好用
不错 挺 好的 ,整体满意度佳
不错 挺 好的 等 过 段 时间 瘦 下来 再买 看中 款 ,意向顾客
不错 挺 好看 ,颜色外形美观
不错 挺 好看 ,颜色外形美观
不错 挺 好看 不过 觉得 码数 偏小 ,偏小
不错 挺 好看 不过 觉得 码数 偏小 ,颜色外形美观
不错 挺 好看 比较 满意 ,颜色外形美观
不错 挺 好看 脚型 好看 人 穿 更 好看 ,版型不错
不错 挺 好 谢谢 ,整体满意度佳
不错 挺 漂亮 ,颜色外形美观
不错 挺 舒服 ,舒适度佳
不错 挺 舒服 ,舒适度佳
不错 挺 舒适 ,舒适度佳
不错 挺 透气 ,透气
不错 摸 着 挺 厚实 ,厚实
不错 摸 着 挺 厚实 ,整体满意度佳
不错 是 不错 ,整体满意度佳
不错 是 正品 ,原装正品
不错 是 正品 很 轻 ,原装正品
不错 是 正品 没 异味 ,原装正品
不错 是 正品 穿 挺 凉快 ,原装正品
不错 有型 ,版型不错
不错 有点 厚 ,偏厚
不错 有点 线头 ,线头
不错 有 特色 ,整体满意度佳
不错 服务 态度 好 ,客服态度好
不错 服务 良好 ,整体满意度佳
不错 服务 良好 ,客服态度好
不错 本人 ,整体满意度佳
不错 果断 没 失望 ,整体满意度佳
不错 正 ,整体满意度佳
不错 正品 ,原装正品
不错 正品 鞋子 ,原装正品
建议 买 比 阿 偏大 半码 ,行为建议
不错 没有 弹力 型 也好 ,弹性差
不错 没有 弹力 型 也好 ,版型不错
不错 活动 划算 ,优惠活动
不错 满意 ,整体满意度佳
不错 满意 正品 ,原装正品
不错 滴 ,整体满意度佳
不错 灰 常 喜欢 ,整体满意度佳
不错 点 赞 ,整体满意度佳
不错 物品 ,整体满意度佳
不错 物有所值 ,性价比高
不错 物流 很 快 ,配送快
不错 物流 很 快 鞋子 大小 合适 ,尺码合适
不错 物流 挺 快 ,配送快
不错 物流 相当 给力 穿着 好看 舒服 非常 满意 ,舒适度佳
不错 物流 相当 给力 穿着 好看 舒服 非常 满意 ,颜色外形美观
不错 物流 相当 给力 穿着 好看 舒服 非常 满意 ,配送快
不错 物流 超 快 顺风 顺丰 ,配送快
不错 物流 超级 快 到 ,配送快
不错 男友 很 喜欢 ,整体满意度佳
不错 ,整体满意度佳
不错 ,整体满意度佳
不错 nike 紧身 衣 ,整体满意度佳
不错 ,整体满意度佳
不错 x 鞋底 很 x ,整体满意度佳
不错 件 单 品 ,整体满意度佳
不错 件 衣服 ,整体满意度佳
不错 一次 购物 ,整体满意度佳
不错 不错 ,整体满意度佳
不错 东西 ,整体满意度佳
大小 号 合适 ,尺码合适
的确 大小 号 合适 ,尺码合适
不错 包 包 ,整体满意度佳
不错 厚实 质感 好 ,厚实
不错 质感 好 ,手感好
不错 ,整体满意度佳
不错 ,整体满意度佳
不错 ,整体满意度佳
不错 挺 便宜 ,性价比高
不错 挺 便宜 ,整体满意度佳
不错 商品 ,整体满意度佳
不错 商家 ,整体满意度佳
不错 宝贝 ,整体满意度佳
不错 帽子 ,整体满意度佳
不错 很 好 很 喜欢 老公 穿着 很 帅 物超所值 ,设计好
不错 很 舒服 ,舒适度佳
不错 很 舒服 ,整体满意度佳
不错 感觉 是 正品 ,原装正品
不错 拖鞋 ,整体满意度佳
不错 款式 ,设计好
不错 正品 鞋 ,原装正品
不错 物品 ,整体满意度佳
不错 短袖 ,整体满意度佳
不错 短裤 ,整体满意度佳
不错 背 包 ,整体满意度佳
不错 衣服 ,整体满意度佳
不错 衣服 很 清爽 ,整体满意度佳
不错 袜子 ,整体满意度佳
不错 裤子 ,整体满意度佳
不错 购物 ,整体满意度佳
不错 购物 体验 ,整体满意度佳
不错 购物 正品 不错 ,原装正品
不错 选择 ,整体满意度佳
不错 速度 也 超 快 ,整体满意度佳
不错 速度 也 超 快 ,配送快
不错 面料 ,材质佳
不错 鞋 ,整体满意度佳
不错 鞋子 ,整体满意度佳
不错 鞋子 老婆 穿 很 舒服 ,舒适度佳
不错 鞋 鞋 ,整体满意度佳
不错 看起来 挺 好看 穿 也 挺 舒服 ,舒适度佳
不错 看起来 挺 好看 穿 也 挺 舒服 ,颜色外形美观
不错 知识 质量 看起来 有点 粗糙 ,做工粗糙
不错 稀 饭 ,整体满意度佳
不错 穿 ,整体满意度佳
不错 穿 上去 很 舒服 包脚 感觉 ,包裹性强
不错 穿 上去 很 舒服 包脚 感觉 ,舒适度佳
不错 穿 上 很 舒服 ,舒适度佳
不错 穿 上 很 舒服 不 沾 身 ,舒适度佳
不错 穿 上 挺 舒服 ,舒适度佳
不错 穿 周 挺 合脚 ,尺码合适
不错 穿 很 舒服 ,舒适度佳
不错 穿着 健身 ,整体满意度佳
不错 穿着 好 舒服 好 轻 ,舒适度佳
不错 穿着 好 舒服 好 轻 ,轻巧轻便
不错 穿着 很 养 脚 ,整体满意度佳
不错 穿着 很 舒服 ,舒适度佳
不错 穿着 挺 舒服 ,舒适度佳
不错 穿着 挺 舒服 就是 厚 ,偏厚
不错 穿着 挺 舒服 就是 厚 ,舒适度佳
不错 穿着 特别 舒服 ,舒适度佳
不错 穿着 狠 舒服 ,舒适度佳
不错 穿着 舒服 ,舒适度佳
按 正常 码 买 正好 ,尺码合适
不错 穿着 舒适 ,舒适度佳
不错 穿 起来 很 舒服 应该 是 真的 ,舒适度佳
不错 穿 起来 很 舒服 应该 是 真的 ,原装正品
不错 穿 起来 很 舒服 衣服 面料 很 薄 排汗 效果 应该 很 棒 ,材质佳
不错 穿 起来 很 舒服 透气 效果 也 不错 ,舒适度佳
不错 穿 起来 很 舒服 透气 效果 也 不错 ,透气
不错 穿 起 比较 有型 ,版型不错
不错 细微 瑕疵 ,瑕疵
不错 老公 很 喜欢 说 裤 型 很 好 ,版型不错
不错 老公 穿 超 帅 ,设计好
不错 老公 说 显瘦 ,版型不错
不错 老 客户 ,整体满意度佳
不错 老 爸 很 喜欢 ,整体满意度佳
不错 耐磨 ,耐磨
不错 耐磨 ,整体满意度佳
不错 耐磨 性 ,耐磨
不错 耐磨 性 ,整体满意度佳
不错 耐 穿 ,整体满意度佳
不错 ,整体满意度佳
不错 聚划算 买 ,优惠活动
不错 背 着 很 舒服 ,舒适度佳
不错 背 着 很 舒服 ,整体满意度佳
不错 舒服 ,舒适度佳
不错 舒适 ,舒适度佳
不错 舒适 柔软 好看 ,舒适度佳
不错 蛮 好 ,整体满意度佳
不错 蛮 好的 也 不 透 ,整体满意度佳
不错 蛮 好看 ,颜色外形美观
不错 衣服 ,整体满意度佳
不错 衣服 很 好看 就是 到 手 没 天 就 降价 ,颜色外形美观
不错 衣服 很 好看 就是 到 手 没 天 就 降价 ,价格波动
不错 裤 型 很 好 ,版型不错
裤 型 很 好的 ,版型不错
不错 试 下 挺 舒服 ,舒适度佳
不错 质量 很 好 ,做工优良
不错 质量 还 行 ,做工优良
不错 质量 还 行 ,做工优良
不错 跑步 很 轻松 ,整体满意度佳
不错 跟 实体店 一样 ,与实体店一致
不错 轻便 ,轻巧轻便
不错 轻便 ,整体满意度佳
不错 轻巧 ,轻巧轻便
不错 还 会 再来 买 ,意向顾客
不错 还 可以 ,整体满意度佳
不错 还 带有 光 ,整体满意度佳
不错 还 很 便宜 ,性价比高
不错 还 行 ,整体满意度佳
不错 件 ,整体满意度佳
不错 适合 运动 ,整体满意度佳
不错 透气性 好大 小 合适 ,尺码合适
不错 透气 抓地 性能 也 很 好 ,抓地力强
不错 透气 抓地 性能 也 很 好 ,透气
不错 速度 快 ,配送快
不错 ,整体满意度佳
不错 需要 在 回购 ,意向顾客
不错 非常 喜欢 ,整体满意度佳
不错 非常 好 ,整体满意度佳
不错 非常 好 穿 ,整体满意度佳
不错 非常 满意 ,整体满意度佳
不错 鞋子 ,整体满意度佳
不错 鞋子 很 软 不错 ,柔软
不错 鞋子 很 软 不错 ,整体满意度佳
不错 鞋底 有 弹性 不是 很 硬 ,弹性佳
不错 颜色 正 就是 有点 薄 ,偏薄
不错 颜色 正 就是 有点 薄 ,颜色外形美观
不错 ,整体满意度佳
不 闷 透气 ,透气
不 防滑 ,抓地力差
不 需要 买 大一码 ,行为建议
不 需要 磨合 即可 感受 到 舒适 缓震 效果 ,舒适度佳
不 需要 磨合 即可 感受 到 舒适 缓震 效果 ,缓震
专卖店 有 差距 ,与实体店不一致
专柜 一样 ,与实体店一致
介绍 相符 ,与详情页一致
介绍 还 算 相符 ,与详情页一致
国外 买 尺码 一样 推荐 ,意向顾客
卖家 描述 完全 一致 ,与详情页一致
原 图 没什么 差别 ,与详情页一致
图片 一样 ,与详情页一致
图片 一致 ,与详情页一致
图片 一致 无 色差 ,无色差
图片 严重 不符 ,与详情页不一致
图片 及 描述 基本 一样 ,与详情页一致
图片 描述 一致 ,与详情页一致
图片 描述 不符 ,与详情页不一致
图片 描述 完全 一样 ,与详情页一致
图片 无 色差 ,无色差
图片 有 一点点 色差 ,有色差
图片 有点 差异 ,与详情页不一致
图片 没差 别 ,与详情页一致
图片 相符 ,与详情页一致
图片 相符 款式 很 百搭 ,搭配性强
图片 相符 款式 很 百搭 ,与详情页一致
在 实体店 试穿 一模一样 ,与实体店一致
实体店 一样 ,与实体店一致
实体店 一致 ,与实体店一致
实体店 不一样 ,与实体店不一致
实体店 完全 不是 款型 ,与实体店不一致
实体店 有 差异 ,与实体店不一致
实 图 一样 ,与详情页一致
实物 不 太 符合 ,与详情页不一致
实物 差别大 ,与详情页不一致
实物 相符 ,与详情页一致
实物 相符 没有 味道 快递 也 很 给力 好评 ,无异味
实物 相符 没有 味道 快递 也 很 给力 好评 ,与详情页一致
实物 相符 没有 味道 快递 也 很 给力 好评 ,配送快
店家 图片 还是 一致 是 加大 ,与详情页一致
想象 不符 凑合 速干 确实 就是 水洗 布 皱巴巴 ,褶皱
想象 还是 有 差距 ,与详情页不一致
性价比 不是 很 高 ,性价比低
描述 一致 ,与详情页一致
描述 一样 ,与详情页一致
描述 都 不符 合 ,与详情页不一致
描述 一致 ,与详情页一致
描述 差不多 ,与详情页一致
描述 相符 ,与详情页一致
显示 图片 不符 合 ,与详情页不一致
照片 不符 很 薄 很 透 ,偏薄
照片 不符 很 薄 很 透 ,与详情页不一致
皮肤 接触 感受 舒服 ,舒适度佳
相片 一致 ,与详情页一致
货品 图片 完全 相同 ,与详情页一致
丑 ,颜色外形欠佳
丑 哭 ,颜色外形欠佳
专业 就是 舒服 ,舒适度佳
专业性 真的 有待提高 ,业务知识欠缺
专卖店 货 硬实 衣服 软 ,与实体店不一致
专卖 残次 品 客服 零分 钟 回 句 不知道 是 有 多 忙 ,回复速度慢
不 打折 ,期待活动
专柜 发出 隔天就到 ,配送快
专柜 正品 ,原装正品
专柜 正品 老 铁 没 毛病 ,原装正品
活动 很大 优惠 ,优惠活动
专柜 没 味道 ,气味问题
专柜 里 也 有味 道 ,气味问题
东西 不好 ,整体满意度差
且 产地 是 莆田 ,产地信息
且 价格 又 实惠 ,性价比高
且 价钱 稍 贵 ,性价比低
且 凉快 ,透气
且 态度 也 不好 ,客服态度差
且 折 超高 性价比 ,性价比高
且 折 超高 性价比 ,优惠活动
且 穿着 舒适 ,舒适度佳
且 薄 ,偏薄
且 透气 ,透气
且 鞋子 质量 很 好 ,做工优良
东东 不错 ,整体满意度佳
东东 到 得 挺 快 ,配送快
东东 好 ,整体满意度佳
东东 很 不错 ,整体满意度佳
东东 很 好 ,整体满意度佳
东东 很 好的 ,整体满意度佳
东东 很 漂亮 超级 喜欢 ,颜色外形美观
东东 收到 很 满意 ,整体满意度佳
东东 收到 时候 很大 刺激 性 味 ,气味问题
东东 还 不错 ,整体满意度佳
东东 非常 不错 ,整体满意度佳
东西 一如既往 好 ,整体满意度佳
东西 一般 ,整体满意度中
东西 一般 料子 不 太 好 ,材质欠佳
东西 一般 料子 不 太 好 ,整体满意度中
东西 一般 有味 道 太 贵 ,气味问题
东西 一般般 ,整体满意度中
东西 不怎么样 还有 点 跑 舌头 觉得 不 值 价钱 ,性价比低
东西 不是 很 满意 做工 有点 问题 ,做工粗糙
东西 不错 ,整体满意度佳
东西 不错 仿佛 有味 儿 有点 略 小 ,气味问题
东西 不错 发货 也 很 快 ,发货快
东西 不错 客服 也 还 行 ,客服态度好
就是 买 有点 大了 ,偏大
东西 不错 就是 偏小 ,偏小
东西 不错 就是 发货 特 慢 ,发货慢
东西 不错 就是 有点 起毛 ,起球
东西 不错 就是 衣服 号 有点 偏小 ,偏小
鞋子 比较 脚 肥 会 挤 脚 ,偏窄
东西 不错 很 满意 ,整体满意度佳
东西 不错 很 薄 紧身 ,偏薄
东西 不错 喜欢 ,整体满意度佳
东西 不错 挺 合脚 ,整体满意度佳
东西 不错 挺 好看 ,颜色外形美观
东西 不错 是 正品 ,原装正品
东西 不错 正品 ,原装正品
东西 不错 物流 很 快 ,配送快
东西 不错 特别 轻 ,轻巧轻便
东西 不错 ,整体满意度佳
东西 不错 真 货 ,原装正品
东西 不错 穿 也 很 舒服 应该 是 正品 ,原装正品
东西 不错 穿 很 舒服 ,舒适度佳
东西 不错 穿着 很 合脚 舒服 ,舒适度佳
东西 不错 穿着 很 舒服 再来 ,舒适度佳
六一八 赠品 没收 到 ,期待赠品
东西 不错 绝对 正品 ,原装正品
东西 不错 老 爸 喜欢 ,整体满意度佳
东西 不错 鞋 面 不是 光滑 皱巴巴 ,褶皱
东西 不错 颜色 喜欢 好评 ,颜色外形美观
东西 寄丢 ,丢件
东西 也 不错 ,整体满意度佳
东西 也 不错 好评 ,整体满意度佳
东西 也 很 好 ,整体满意度佳
东西 也 很 舒服 ,舒适度佳
东西 买 得 刚 合身 ,尺码合适
东西 做工 也 不错 ,做工优良
东西 做工 有问题 ,做工粗糙
东西 做工 精致 ,做工优良
东西 到 ,无效信息
东西 到 快递 非常 快 穿 天 感觉 还 可以 ,配送快
东西 卖家 发错 ,错件
东西 发错 货 ,错件
东西 可以 ,整体满意度佳
东西 可以 就是 小贵 ,性价比低
东西 可以 就是 物流 太 慢 ,配送慢
东西 可以 很 好看 ,颜色外形美观
东西 味道 很 重 放 礼拜 还是 有味 道 缝线 卡脚 舒适 感 不足 ,气味问题
东西 味道 很 重 放 礼拜 还是 有味 道 缝线 卡脚 舒适 感 不足 ,舒适度欠佳
东西 味道 蛮 大的 ,气味问题
东西 图片 一样 ,与详情页一致
东西 实体店 一样 ,与实体店一致
东西 棒 ,整体满意度佳
东西 太 好 ,整体满意度佳
东西 太 棒 ,整体满意度佳
东西 好 ,整体满意度佳
东西 好 赞 ,整体满意度佳
东西 好 东西 好 ,整体满意度佳
东西 好 服务 好 售后 好 价格 实惠 没 理由 不 支持 ,性价比高
东西 好 服务 好 售后 好 价格 实惠 没 理由 不 支持 ,客服态度好
东西 好看 ,颜色外形美观
东西 好 速度 快 ,整体满意度佳
东西 好 速度 快 ,配送快
建议 买 有点 小 ,行为建议
东西 实惠 ,性价比高
东西 寄 来 还 不错 ,整体满意度佳
东西 就是 好 ,整体满意度佳
东西 尺寸 大了 点儿 ,偏大
东西 已 收到 穿着 很 舒服 ,舒适度佳
东西 应该 是 正品 ,原装正品
东西 应该 是 正品 ,原装正品
东西 应该 是 真 货 ,原装正品
东西 异味 重 ,气味问题
东西 很 不错 ,整体满意度佳
东西 很 不错 包装 很 好 ,包装完好
东西 很 不错 ,整体满意度佳
东西 很 不错 穿 起来 很 舒服 ,舒适度佳
东西 很 合脚 ,尺码合适
东西 很 喜欢 ,整体满意度佳
东西 很 喜欢 就是 穿 会 臭 脚 ,闷气
东西 很 好 ,整体满意度佳
东西 很 好 ,整体满意度佳
东西 很 好 穿着 舒服 ,舒适度佳
东西 很 好 还来 ,意向顾客
东西 很 好 东西 很 好 ,整体满意度佳
东西 很 好 也 很 合身 ,尺码合适
东西 很 好 到货 ,整体满意度佳
东西 很 好 ,整体满意度佳
东西 很 好 ,整体满意度佳
东西 很 好 ,整体满意度佳
东西 很 好 喝 好看 ,颜色外形美观
东西 很 好 客服 很 有 耐心 ,客服态度好
东西 很 好 很 厚 ,厚实
东西 很 好 很 喜欢 ,整体满意度佳
东西 很 好 很 满意 ,整体满意度佳
东西 很 好 很 漂亮 喜欢 ,颜色外形美观
东西 很 好 戴 上去 酷 酷 快递 很 给力 ,版型不错
东西 很 好 戴 上去 酷 酷 快递 很 给力 ,配送快
东西 很 好 物流 很 快 客服 态度 很 好 赞 下 ,客服态度好
东西 很 好 物流 很 快 ,配送快
东西 很 好 穿 ,整体满意度佳
东西 很 好 老公 穿着 很 合身 快递 速度 也 快 好评 好评 ,尺码合适
东西 很 好 老公 穿着 很 合身 快递 速度 也 快 好评 好评 ,配送快
东西 很 好 还 带 发票 ,发票问题
东西 很 好 非常 喜欢 ,整体满意度佳
东西 很 好 鞋 码 也 很 合适 ,尺码合适
东西 很 快 就 到 ,配送快
东西 很 棒 ,整体满意度佳
东西 很 赞 ,整体满意度佳
东西 很 赞 ,整体满意度佳
东西 看 不 出来 是 真是 假 ,正品与否
东西 担心 不是 正品 ,正品与否
东西 挺 不错 ,整体满意度佳
东西 挺 不错 ,整体满意度佳
东西 挺 好 ,整体满意度佳
东西 挺 好的 ,整体满意度佳
东西 挺 好的 快递 特别 快 第二天就到 货 ,配送快
东西 挺 好的 正品 肯定 没问题 ,原装正品
东西 成 团 像 地摊 货 穿 一次 就 起球 ,起球
东西 搞 活动 买 ,优惠活动
东西 摸 上去 专卖店 不一样 ,与实体店不一致
东西 收到 ,无效信息
东西 收到 不错 ,整体满意度佳
东西 收到 ,无效信息
东西 收到 很 好 ,整体满意度佳
东西 收到 使用 超 棒 还来 ,意向顾客
东西 收到 店 里 一样 ,与实体店一致
东西 收到 非常 好 ,整体满意度佳
东西 是 不错 ,整体满意度佳
东西 是 不错 ,整体满意度佳
东西 是 好 东西 ,整体满意度佳
东西 是 很 不错 ,整体满意度佳
东西 是 正品 ,原装正品
东西 是 正品 ,原装正品
东西 是 还 不错 ,整体满意度佳
东西 是 非常 好的 ,整体满意度佳
东西 有 瑕疵 ,瑕疵
东西 有色 差 ,有色差
东西 正品 无疑 ,原装正品
东西 正宗 ,原装正品
东西 没得说 很 好 就是 小了 点 ,偏小
东西 满意 ,整体满意度佳
东西 物流 很 快 ,配送快
东西 质量 特别 好 ,做工优良
东西 看 不 出来 是不是 正品 ,正品与否
东西 看起来 是 正品 ,原装正品
东西 真心 不错 ,整体满意度佳
东西 真心 好看 ,颜色外形美观
东西 真的 超级 好 一天 就 到 正品 ,原装正品
东西 确实 不错 ,整体满意度佳
东西 穿 上 非常 舒服 ,舒适度佳
东西 穿着 很 舒服 ,舒适度佳
东西 穿 起来 很 舒服 ,舒适度佳
东西 给 发错 ,错件
东西 绝对 是 真品 ,原装正品
东西 美貌 ,颜色外形美观
东西 肯定 不错 ,整体满意度佳
东西 蛮 不错 ,整体满意度佳
东西 质量 不错 ,做工优良
东西 质量 不错 ,做工优良
东西 质量 也 不错 ,做工优良
东西 质量 也 还 不错 ,做工优良
东西 质量 都 挺 好 ,做工优良
东西 质量 好 ,做工优良
东西 质量 很 不错 ,做工优良
东西 质量 很 好 ,做工优良
东西 质量 挺 好 ,做工优良
东西 质量 杠杠 滴 ,做工优良
东西 质量 还是 不错 ,做工优良
东西 质量 还 行 ,做工优良
东西 超级 快 ,配送快
东西 超级 棒 ,整体满意度佳
东西 超赞 ,整体满意度佳
东西 还 不知道 是不是 真的 ,正品与否
东西 还 不错 ,整体满意度佳
东西 还 不错 价格 偏 贵 发 顺丰 速度 也 很 快 客服 态度 也好 ,客服态度好
东西 还 不错 价格 偏 贵 发 顺丰 速度 也 很 快 客服 态度 也好 ,配送快
东西 还 不错 ,整体满意度佳
东西 还 不错 就是 大 ,偏大
东西 还 不错 有点 薄 ,偏薄
东西 还 可以 ,整体满意度佳
东西 还 挺 快 到 服务 态度 也 还 好 ,客服态度好
东西 还 挺 快 到 服务 态度 也 还 好 ,配送快
东西 还是 不错 ,整体满意度佳
东西 还是 不错 ,整体满意度佳
东西 还是 双十一 买 合适 ,优惠活动
东西 还是 可以 ,整体满意度佳
东西 还是 很 不错 ,整体满意度佳
东西 还 行 ,整体满意度佳
东西 还 行 ,整体满意度佳
东西 还 行 有点 薄 穿 上 有点 显 肉 色 ,偏薄
东西 还 行 颜色 不 太 正 不是 驼 色 有点 怪 怪 ,描述颜色
东西 非常 不错 ,整体满意度佳
东西 非常 好 ,整体满意度佳
东西 非常 好 就是 咨询 完 客服 下 码数 有点 小了 ,偏小
东西 非常 棒 ,整体满意度佳
东西 非常 满意 ,整体满意度佳
东西 非常 轻便 ,轻巧轻便
快递 丢了 ,丢件
天 就 到 ,配送快
字 不错 ,整体满意度佳
字 很 好 ,整体满意度佳
颜色 都 好看 ,颜色外形美观
件 买 价格 便宜 ,性价比高
件 全 拍 大了 ,偏大
件 文胸 都 很 满意 柔软 舒适 贴合 得 很 好 ,尺码合适
件 文胸 都 很 满意 柔软 舒适 贴合 得 很 好 ,舒适度佳
件 都 很 满意 ,整体满意度佳
都 特别 喜欢 ,整体满意度佳
又 比较 窄 ,偏窄
夹脚 不舒服 ,舒适度欠佳
连接 处 有 圈 淡淡 胶 ,溢胶
袜子 弄 大 盒子 有意思 ,包装尺寸不合适
都 完美 ,整体满意度佳
鞋 做工 都 不是 很 好 竟然 有 开胶 现象 ,做工粗糙
鞋子 大大小小 溢胶 处 ,溢胶
鞋子 胶水 都 在 ,溢胶
鞋 都 有 溢胶 水 ,溢胶
只 图案 不一样 不 喜欢 ,颜色外形欠佳
只 脚 后跟 就 磨破 ,磨脚
只 脚 后跟 就 起泡 ,磨脚
只 脚 被 磨破 ,磨脚
只 脚 都 磨破 ,磨脚
只 鞋子 只 干 胶 漏 ,溢胶
只 鞋子 鞋垫 下 竟然 有 很 线头 ,线头
只 鞋 存在 严重 色差 ,有色差
只 鞋 有点 点 不一样 款式 很 好看 ,设计好
只 鞋 色差 明显 ,有色差
只 鞋 都 有 点 脏 ,描述耐脏
下 单 第二天就到 ,配送快
天 到货 物流 快 ,配送快
天 就 到 干 又 要 拍 ,配送快
天 多 点 就 到 ,配送快
两天就到 ,配送快
两天就到 ,配送快
两天就到 很 不错 必须 好评 ,配送快
两天就到 给力 ,配送快
两天就到 衣服 挺 好的 ,配送快
两天就到 非常 快 裤子 是 修身 款 紧 紧 ,配送快
两天就到 ,配送快
两天就到 四川 ,配送快
两天就到 货 ,配送快
天 就 收到 货 鞋子 也 很 赞 就是 耐克 鞋 码 偏小 要 注意 ,偏小
天 就 鞋子 就 到 ,配送快
字 舒服 ,舒适度佳
层 很 舒服 ,舒适度佳
星 是 顺丰 同步 物流 跟踪 ,配送慢
两次 客服 都 跟 nice ,客服态度好
两次 物流 极 快 ,配送快
两次 购物 都 是 只用 一天 就 到 上海 到 成都 ,意向顾客
两次 购物 都 是 只用 一天 就 到 上海 到 成都 ,配送快
点 小时 才 回 信息 ,回复速度慢
绝对 值 不 ,性价比低
色 都 好看 ,颜色外形美观
卡住 脚 不是 很 舒服 ,舒适度欠佳
很 窄 ,偏窄
都 磨破 鞋 太 硬 ,偏硬
严重 偏小 ,偏小
严重 变形 ,变形
严重 差评 ,整体满意度差
严重 开线 ,脱线
严重 怀疑 不是 正品 ,正品与否
严重 怀疑 假货 ,正品与否
严重 怀疑 官网 是不是 也 会 掺 假货 卖 ,正品与否
严重 怀疑 是不是 只是 假货 ,正品与否
严重 怀疑 是不是 正品 ,正品与否
严重 怀疑 是 假冒 劣 产品 ,正品与否
严重 怀疑 件 衣服 是不是 正品 ,正品与否
严重 掉毛 ,掉毛
严重 掉色 ,掉色
严重 掉色 洗 三次 水 都 是 黑色 一度 怀疑 是 假货 ,掉色
严重 溢胶 ,溢胶
严重 发霉 味 儿 ,气味问题
严重 磨脚 后跟 ,磨脚
严重 脱胶 只 鞋 穿着 感觉 不对 ,脱胶
严重 色差 ,有色差
严重 起球 ,起球
说 鞋底 滑 专门 去 试 差点 废 ,抓地力差
个人 很 喜欢 ,整体满意度佳
个人 感觉 不 值 价 ,性价比低
个人 感觉 不错 ,整体满意度佳
个人 感觉 很 不错 ,整体满意度佳
个人 感觉 有型 有 款 ,版型不错
个人 感觉 有点 显老 ,偏老气
个人 感觉 正常 码 ,尺码合适
个人 感觉 比 红色 带 好看 ,颜色外形美观
个人 感觉 比 纯 白 要 好看 ,颜色外形美观
个人 感觉 比 经典 款 好看 ,颜色外形美观
个人 感觉 没有 专柜 面料 厚实 ,厚实
个人 感觉 没有 专柜 面料 厚实 ,与实体店不一致
个人 感觉 白色 好看 ,颜色外形美观
个人 感觉 鞋 码 偏大 ,偏大
个人 感觉 黑色 好看 很多 ,颜色外形美观
个人 觉得 一般般 ,整体满意度中
个人 觉得 不 值 ,性价比低
个人 觉得 不大 适合 胸 ,描述适合
个人 觉得 不怎么样 ,整体满意度差
个人 觉得 十分 漂亮 配色 ,颜色外形美观
个人 觉得 小了 ,偏小
个人 觉得 按 正常 码数 买 就 可以 ,行为建议
个人 觉得 挺 舒适 ,舒适度佳
个人 觉得 比 白色 彩虹 好看 ,颜色外形美观
个人 觉得 码子 偏小 ,偏小
个人 觉得 脚 部位 就 不用 买了 ,行为建议
个人 觉得 质量 也 不错 ,做工优良
个人 觉得 还是 偏小 了点 ,偏小
个人 觉得 款 是 同 系列 香 里 最好 闻 双十一 也 划算 ,优惠活动
个人 觉得 适合 ,描述适合
个人 觉得 都 挺 好的 ,整体满意度佳
个人 觉得 海绵 偏 厚 ,偏厚
个人 觉得 非常 好看 ,颜色外形美观
个人 觉得 鞋底 略 有点 偏硬 ,偏硬
个人 认为 跑 起来 舒服 就 够 ,舒适度佳
个人 还是 建议 去 专柜 买 ,行为建议
个人 还是 挺 喜欢 ,整体满意度佳
个人 还是 挺 喜欢 ,整体满意度佳
个人 非常 喜欢 ,整体满意度佳
个子 太 高 不 太 适合 ,描述适合
忙 舒服 ,舒适度佳
丫头 很 喜欢 ,整体满意度佳
丫头 说穿 很 舒服 ,舒适度佳
买 天 就 到 ,配送快
就 到 ,配送快
急 急 忙 忙 回 寝 室 拆 快递 就 穿 上 ,配送快
中 段 包裹 挺 好 滴 ,包裹性强
中国制造 ,产地信息
中国 邮政 国 字 号 快递 公司 速度 慢 ,回复速度慢
中国 邮政 国 字 号 快递 公司 速度 慢 ,配送慢
中 舒服 ,舒适度佳
中 度 支撑 还 行 ,支撑效果好
中意 很 久 鞋子 到 飞快 ,配送快
中 挺 舒服 ,舒适度佳
中 码 挺 大的 ,偏大
中 码 非常 合适 ,尺码合适
中 童 尺码 比 男人 尺码 还 大 ,尺码偏差
中规中矩 挺 好的 ,整体满意度佳
中规中矩 颜色 很 正 物流 非常 快 顺丰 没问题 ,颜色外形美观
中规中矩 颜色 很 正 物流 非常 快 顺丰 没问题 ,配送快
中途 物流 停 来 天 ,配送慢
中 通 快递 很 给力 ,配送快
交叉 绳 会 有点 荷 叶 边 不过 穿 得 挺 舒服 ,舒适度佳
印刷 部分 不 透气 ,闷气
后跟 包裹性 很 好 ,包裹性强
图案 感觉 比 图片 大 ,与详情页不一致
寄丢 一次 ,丢件
活动价 格 更 给力 ,优惠活动
钢圈 有点 不舒服 ,舒适度欠佳
还 说 快递 丢了 ,丢件
走路 时候 很 难受 ,舒适度欠佳
临时 看 起 聊 挺 好的 ,整体满意度佳
为 同 款 买 挺 厚 ,厚实
优惠 搭配 ,优惠活动
凑 单 买 质量 挺 好的 ,做工优良
好 身材 ,整体满意度佳
差评 ,整体满意度差
不能 传 图 美貌 东西 就 应该 展示 配 露 后背 裙子 太 赞 ,颜色外形美观
会 掉毛 ,掉毛
会 有 起球 ,起球
刚 买 完 产品 就 没有 货 ,库存情况
味道 重 ,气味问题
店 里 裤子 跟 面料 不一样 ,与实体店不一致
感觉 像 是 假 一样 ,正品与否
感觉 小 ,偏小
收到 衣服 皱巴巴 ,褶皱
是 脏 ,描述耐脏
有线头 ,线头
比 号 球 小 ,偏小
没 发票 ,发票问题
没有 发票 ,发票问题
没有 气垫 感觉 ,气垫效果差
没有 袋子 ,无品牌购物袋
洗 时候 会 掉色 严重 ,掉色
海绵 味道 很 臭 ,气味问题
没有 发票 ,发票问题
白色 比 黑 薄 太 多 ,偏薄
多 线头 脱线 ,脱线
长 ,偏长
鞋子 有点 夹脚 有点 硬 ,偏硬
有 异味 ,气味问题
为 会 掉毛 ,掉毛
为 穿着 臭 脚 ,闷气
为 说 要 拍 大一码 ,无效信息
为 没有 发票 ,发票问题
为 没有 包装 ,无品牌购物袋
为 没有 电子 发票 ,发票问题
为 没有 袋子 鞋 盒 还 差劲 抱 着 鞋 盒 送 人 ,无品牌购物袋
为 穿 上 叫 臭 ,闷气
为 轻 ,轻巧轻便
为 快递 哥 点 赞 ,快递态度好
为 爱 疯狂 款 ,整体满意度佳
为 顺丰 点 赞 ,配送快
主要 不好 看 ,颜色外形欠佳
主要 不知道 真假 ,正品与否
主要 价格 便宜 ,性价比高
主要 卖家 服务 态度 也 很 好 ,客服态度好
主要 发货 快 ,发货快
主要 味道 来自 鞋底 ,气味问题
主要 喜欢 颜色 ,颜色外形美观
主要 客服 太 稀烂 ,客服态度差
主要 很 年轻 ,设计好
主要 快递 挺 给力 ,配送快
主要 是 便宜 ,性价比高
主要 是 做工 不行 ,做工粗糙
主要 是 卖家 图 能不能 不要 调 色 严重 ,与详情页不一致
主要 是 可以 放 鞋 纸 ,整体满意度佳
按 正常 尺码 买 就 好 ,行为建议
主要 是 喜欢 气垫 鞋 ,气垫效果好
主要 是 喜欢 款 鞋 ,整体满意度佳
主要 是 型 可以 ,颜色外形美观
主要 是 大小 合适 ,尺码合适
主要 是 童 还 价格 实惠 ,性价比高
主要 是 太 臭 ,气味问题
主要 是 客服 太 不 专业 ,业务知识欠缺
主要 是 快递 真的 太 给力 ,配送快
主要 是 有 码 ,偏小
主要 是 版型 还 不错 ,版型不错
主要 是 物流 太 快 ,配送快
主要 是 男朋友 穿着 很 舒服 ,舒适度佳
主要 是 穿 舒服 ,舒适度佳
主要 是 线头 太 多 ,线头
主要 是 耐脏 ,耐脏
主要 是 舒服 ,舒适度佳
主要 是 舒适 ,舒适度佳
主要 是 衣服 泡 水 会 褪色 ,掉色
主要 是 衣服 漂亮 ,颜色外形美观
主要 是 觉得 好看 ,颜色外形美观
主要 是 越南 产 心里 有 影 还 好 ,产地信息
主要 是 轻便 必须 赞 ,轻巧轻便
主要 是 还 很 好看 ,颜色外形美观
主要 是 速度 快 ,配送快
主要 是 非常 划算 ,性价比高
主要 版型 好 ,版型不错
主要 是 有点 硬 ,偏硬
主要 是 舒服 ,舒适度佳
主要 看 款式 ,描述款式
主要 舒服 ,舒适度佳
主要 还是 偏长 服务 ok ,客服态度好
主要 还是 自己 喜欢 款式 ,设计好
主要 还是 衣服 长 ,偏长
主要 还是 鞋子 比较 帅 ,设计好
主要 还是 顺丰 给力 ,配送快
主要 还 比较 便宜 ,性价比高
主要 鞋 非常 舒服 ,舒适度佳
久 久 散发 不 去 气味 展现 着 nike 其他 品牌 众 不同 ,气味问题
久 就 好 ,整体满意度佳
六一八 做 活动 ,优惠活动
一直 没 货 可 算 买 到 ,库存情况
买了 就 降价 ,价格波动
鞋子 买 大了 ,偏大
买 容易 脱胶 ,脱胶
买 尺码 偏小 ,偏小
买 挺 爱 穿 ,整体满意度佳
买 过 掉色 ,掉色
给 男票 买 超 好看 ,颜色外形美观
双十一 买 不 信 是 正品 特意 去 店 里 验 ,原装正品
在 专卖店 看到 不 打折 双十一 终于 抢到 ,优惠活动
双十一 活动 很 划算 ,优惠活动
在 店 里 试 过 超级 喜欢 上网 看 下 中 刚好 有 活动 果断 拿下 ,优惠活动
在 耐克 实体店 买 虫 虫 鞋 是 没有 味道 ,无异味
尺码 买 小了 ,偏小
尺码 有问题 换货 也 很 快速 ,配送快
快递 把 件 丢了 ,丢件
拍 大了 ,偏大
拍 比 平时 小了 半码 有点 紧 ,偏小
早就 想 买了 就 没 货 ,库存情况
有点 胶水 ,溢胶
看 评价 说 裤子 有味 ,气味问题
款 还有 点 小 ,偏小
看见 降价 果断 入手 黑色 ,价格波动
觉得 面料 舒适 ,材质佳
便 爱上 ,整体满意度佳
就 美美 穿 上 ,颜色外形美观
也 不错 ,整体满意度佳
好 贵 性价比 不 高 ,性价比低
也 不会 显得 胸 很大 ,偏大
也 不 便宜 ,性价比低
也 不 压 胸 很 舒服 ,舒适度佳
也 不 厚 ,不厚
也 不 处理 ,处理不积极
也 不 建议 购买 ,整体满意度差
也 不懂 送 袜子 ,期待赠品
也 不 支持 退 差价 ,商家补偿
也 不是 差评 师 ,整体满意度差
也 不是 很 厚 ,不厚
也 不是 很大 弹力 ,弹性佳
也 不是 很 舒服 ,舒适度欠佳
也 不晓得 是否 真假 ,正品与否
也 不 清楚 是不是 正品 ,正品与否
也 不 爱 换 ,整体满意度佳
也 不知道 到底 是不是 正品 ,正品与否
也 不知道 怎么 查 是不是 正品 ,正品与否
也 不知道 是不是 正品 ,正品与否
也 不知道 是不是 正品 来 着 ,正品与否
也 不知道 是不是 真品 ,正品与否
也 不知道 是不是 真的 ,正品与否
也 不知道 是不是 莆田货 ,正品与否
也 不知道 是 真是 假 ,正品与否
也 不知道 是 真是 假 就是 塑料味 是 真的 大 ,气味问题
也 不知道 是 真是 假 就是 塑料味 是 真的 大 ,正品与否
也 不知道 真假 ,正品与否
也 不管 是不是 正品 ,正品与否
也 不 给 补 差价 ,商家补偿
也 不 给 退 差价 ,商家补偿
也 不能 退 差价 ,商家补偿
也 不舒服 ,舒适度欠佳
也 不 补 差价 ,商家补偿
也 不 说 有所 赔偿 不会 催 很多次 才 发货 ,发货慢
也 不 送 上来 ,未送货上门
也 不 送 也 不 联系 ,未送货上门
也 不 送货上门 ,未送货上门
也 不 透 没什么 气味 没有 色差 ,无色差
也 不 重 ,无效信息
也 不错 ,整体满意度佳
也 不错 ,整体满意度佳
也 保暖 ,保暖
也 分 不 出 真假 ,正品与否
也 刚好 ,尺码合适
也 别 值得一提的是 物流 速度 太 快 ,配送快
也 十分 轻巧 ,轻巧轻便
也 只 爱 牌子 ,整体满意度佳
也 可以 理解 为 鸭 骚 味 ,气味问题
也 合脚 ,尺码合适
也 合身 ,尺码合适
也 合适 ,尺码合适
也 听 轻 ,轻巧轻便
也 够 厚 ,厚实
也 够 轻 ,轻巧轻便
也 大了 ,偏大
也 太 好 ,整体满意度佳
也 太 简陋 ,包装简陋
也 太 长 都 可以 当 裤子 穿 ,偏长
也好 小时 不 回复 句 话 ,回复速度慢
也好 打理 ,整体满意度佳
也好 搭配 ,搭配性强
也好 看 ,颜色外形美观
也好 看 值得 买 ,性价比高
也好 看 值得 买 ,颜色外形美观
也好 穿 ,整体满意度佳
也好 轻 ,轻巧轻便
也 实惠 ,性价比高
也 容易 干 ,速干
也 容易 粘 脏 ,不耐脏
也 小 太 可爱 ,偏小
也 就 一般 ,整体满意度中
也 就 值 ,性价比低
也 就 值 ,性价比低
也 帅 就是 有点 贵 ,设计好
也 帅气 很 潮 ,设计好
也 干 得 快 ,速干
也 很 优惠 ,优惠活动
也 很 便宜 ,性价比高
也 很 保暖 ,保暖
也 很 值 ,性价比高
也 很 划算 ,性价比高
也 很 厚 ,厚实
也 很 厚实 ,厚实
也 很 合身 ,尺码合适
也 是 很 合适 ,尺码合适
也 很 吸汗 ,吸汗
也 很 喜欢 ,整体满意度佳
也 很 喜欢 ,整体满意度佳
也 很 喜欢 牌子 ,整体满意度佳
也 很 好 搭配 ,搭配性强
也 很 好 搭配 衣服 ,搭配性强
也 很 好看 ,颜色外形美观
也 很 好看 ,颜色外形美观
也 很 好 穿 ,整体满意度佳
也 很 实惠 ,性价比高
也 很 帅 ,设计好
也 很 帅气 ,设计好
也 很 平 价 ,性价比高
也 很 快 发 顺丰 ,配送快
也 很 感谢 玛奇朵 小 乐 客服 ,客服态度好
也 很 暖和 ,保暖
也 很 有型 ,版型不错
也 很 正品 ,原装正品
也 很 漂亮 ,颜色外形美观
也 很 漂亮 ,颜色外形美观
也 很 漂亮 ,颜色外形美观
也 很 美 ,颜色外形美观
也 很 耐磨 ,耐磨
也 很 舒服 ,舒适度佳
也 很 舒服 就是 脚背 处 有点 紧 ,舒适度佳
也 很 舒服 很 暖和 ,保暖
也 很 舒服 感觉 衣服 面料 也 不错 ,材质佳
也 很 舒服 没有 味道 ,无异味
也 是 很 舒服 ,舒适度佳
也 很 舒适 ,舒适度佳
也 很 贴身 舒适 又 舒 爽 ,舒适度佳
也 很 轻 ,轻巧轻便
也 很 轻便 ,轻巧轻便
也 很 轻巧 ,轻巧轻便
也 很 轻快 ,轻巧轻便
也 很 透气 ,透气
也 感谢 售后 号 ,客服态度好
也 感谢 客服 ,客服态度好
也 感谢 顺风 快递 师傅 辛苦 高 尚 工作 风格 ,配送快
也 懒得 去 查 是不是 正品 ,正品与否
也 挺 保暖 ,保暖
也 挺 厚 ,厚实
也 挺 厚实 ,厚实
也 挺 厚实 ,厚实
也 挺 厚 ,厚实
也 挺 合脚 ,尺码合适
也 挺 合身 ,尺码合适
也 挺 合适 ,尺码合适
也 挺 喜欢 ,整体满意度佳
也 挺 好看 ,颜色外形美观
也 挺 好看 ,颜色外形美观
也 挺 好 穿 ,整体满意度佳
也 挺 漂亮 ,颜色外形美观
也 挺 漂亮 ,颜色外形美观
也 挺 舒服 ,舒适度佳
也 挺 舒服 ,舒适度佳
也 挺 舒适 ,舒适度佳
也 挺 轻 ,轻巧轻便
也 挺 轻 ,轻巧轻便
也 是 双十一 商品 中 评价 ,性价比高
也 是 打折 很 划算 ,优惠活动
也 是 折 价 灰 常 动 ,优惠活动
也 是 挺 好看 ,颜色外形美观
也 是 最 无语 地方 滑 ,抓地力差
也 是 正品 ,原装正品
也 是 正品 ,原装正品
也 是 比较 推荐 ,意向顾客
也 是 物有所值 ,性价比高
也 有 一定 厚度 ,偏厚
也 有 个别 客服 不 太 专业 ,业务知识欠缺
也 有 包裹性 问题 ,包裹性差
也 比 拿到 颜色 保守 ,描述颜色
也 比较 凉快 ,透气
也 比较 厚 ,厚实
也 比较 合身 剪裁 完美 ,尺码合适
也 比较 喜欢 颜色 ,颜色外形美观
也 比较 耐磨 ,耐磨
也 比较 舒适 ,舒适度佳
也 比较 薄 ,偏薄
也 比较 轻 ,轻巧轻便
也 没 人 理 ,回复速度慢
也 没什么 会员 活动 ,期待活动
也 没什么 弹性 总体 不错 ,弹性差
也 没 发票 ,发票问题
也 没 异味 ,无异味
也 没有 味道 ,无异味
也 没有 味道 是 正常 衣服 味道 ,无异味
也 没有 异味 ,无异味
也 没有 线头 做工 也 挺 好的 开心 ,做工优良
也 没有 胶水 味 ,无异味
也 没有 色差 ,无色差
也 没有 袋子 ,无品牌购物袋
也 没有 质量 问题 ,做工优良
大的 味道 ,气味问题
也 没 轻薄 ,轻薄
也 漂亮 ,颜色外形美观
也 特别 合适 ,尺码合适
也 特别 好看 ,颜色外形美观
也 特别 舒服 ,舒适度佳
也 直接 给 机 打发 票 ,发票问题
也 看 不懂 是不是 正品 ,正品与否
也 真的 是 真的 是 服 气 拍 件 不 送 围脖 连 腰带 赠品 也 不 送 上 ,期待赠品
也 确实 比 件 质量 更 好 ,做工优良
也 稍微 有点 臭 脚 ,闷气
也 等待 给 差评 ,整体满意度差
也 给 好评 ,整体满意度佳
也 耐脏 ,耐脏
也 舒服 ,舒适度佳
也 舒服 ,舒适度佳
也 舒适 ,舒适度佳
也 蛮 好看 ,颜色外形美观
也 蛮 好看 ,颜色外形美观
也 补 不 差价 ,商家补偿
也许 是 长 得 帅 原因 ,设计好
也 谢谢 客服 耐心 建议 ,客服态度好
也 谢谢 快递 哥 ,快递态度好
也 超 划算 ,性价比高
也 轻 ,轻巧轻便
也 轻巧 ,轻巧轻便
也 轻 很 ,轻巧轻便
也 还 合适 ,尺码合适
也 还 好 ,整体满意度佳
也 还 好看 ,颜色外形美观
也 还 挺 好的 ,整体满意度佳
也 还 算 厚实 ,厚实
也 还 舒服 ,舒适度佳
也 还 行 ,整体满意度佳
也 适合 脚背 孩子 ,身体
也 选 对 码 ,尺码合适
也 透气 ,透气
也 都 不错 ,整体满意度佳
也 附赠 白色 鞋带 ,促销赠品
也 难怪 合身 ,尺码合适
也 非常 好看 ,颜色外形美观
也 非常 舒服 ,舒适度佳
也 非常 舒服 蕾丝 很 软 ,舒适度佳
也 非常 舒适 ,舒适度佳
也 非常 透气 ,透气
习惯 买 买 大了 ,偏大
习惯 分 好评 ,整体满意度佳
习惯 好评 ,整体满意度佳
习惯 好评 不知道 是不是 真的 味道 很 刺鼻 婆婆 住 院 没 来得及 退 ,气味问题
习惯 好评 不知道 是不是 真的 味道 很 刺鼻 婆婆 住 院 没 来得及 退 ,正品与否
习惯 好评 ,整体满意度佳
实 话 说 鞋 挺 舒服 ,舒适度佳
习惯性 好评 ,整体满意度佳
习惯性 好评 推荐 尺码 稍 小 收到 货 客服 说话 就 无人 搭理 ,偏小
习惯性 好评 物流 很 快 一天 就 到 ,配送快
习惯性 好评 ,整体满意度佳
里 人 看 不 出 真假 ,正品与否
书包 也 特别 大 ,偏大
书包 好看 ,颜色外形美观
书包 很 不错 很 耐脏 ,耐脏
书包 很 好看 ,颜色外形美观
书包 很 轻 ,轻巧轻便
书包 挺 好看 ,颜色外形美观
书包 特别 适合 女儿 背 很 漂亮 ,颜色外形美观
书包 看 着 有点 小 ,偏小
书包 质量 真 不错 ,做工优良
书包 超级 好看 ,颜色外形美观
书包 较 薄 ,偏薄
书包 还 不错 ,整体满意度佳
书包 非常 不错 ,整体满意度佳
书包 颜色 有点 暗 ,描述颜色
买 都 有点 大 ,行为建议
买 正好 ,尺码合适
买 号 可以 ,整体满意度佳
买 合适 ,尺码合适
买 正好 ,尺码合适
买 号 又 会 大了 ,偏大
买 还 嫌 大一号 ,行为建议
买 nike 一直 都 在 购买 ,意向顾客
买 号 大了 ,偏大
买 码 还 大 ,行为建议
买 码 还是 有点 大 ,行为建议
买 码 都 很 宽松 ,宽松
买 大了 ,偏大
买 送 性价比 超高 ,性价比高
买 袜子 大 盒子 给 邮 过来 太 隆重 ,包装尺寸不合适
买 下 很 快 就 发货 ,发货快
买 东西 从来 很 少 给 差评 ,整体满意度差
买 东西 第一次 给 差评 ,整体满意度差
买 给 老 爸 穿 有点 小了 ,行为建议
买 客服 一问三不知 ,业务知识欠缺
买 还 很 官方 应 句 ,回复机械
买了 码 实际 还是 偏大 大概 节 手指 头 长度 ,行为建议
买了 天 就 降价 ,价格波动
买了 还是 大 ,行为建议
买了 太 大 ,行为建议
买了 刚好 ,尺码合适
快递 是 遇到 过 最 快 ,配送快
会 常 来 买 ,意向顾客
买了 好 小 ,行为建议
买了 件 毛衣 还 送 套 ,促销赠品
买了 还 会 想 买 ,意向顾客
买了 一天 就 到 ,配送快
买了 不到 周 竟然 降价 ,价格波动
特别 舒服 凉快 ,舒适度佳
特别 舒服 凉快 ,透气
买了 都 大了 ,偏大
不错 质量 特别 好 ,做工优良
买了 件 不错 ,整体满意度佳
好看 又 防震 ,缓震
好看 又 防震 ,颜色外形美观
黑 掉毛 ,掉毛
买了 码子 合适 ,尺码合适
买了 也 不 送 ,期待赠品
大品牌 舒服 ,舒适度佳
买了 感觉 不错 ,整体满意度佳
买了 还 不错 ,整体满意度佳
买了 天 就 降价 ,价格波动
买了 号 太 大了 ,偏大
买了 联系 不 上 客服 ,回复速度慢
买了 件 件 都 好看 ,颜色外形美观
件 都 好看 显瘦 超级 时尚 ,版型不错
感觉 很 舒适 ,舒适度佳
买了 天 降价 也 不 给 补 差价 ,商家补偿
买了 天 就 降价 ,价格波动
买了 天 就 降价 九九 ,价格波动
买 白色 白色 好看 ,颜色外形美观
买了 发现 没有 经典 好看 ,颜色外形欠佳
买了 大一码 还是 挤 ,舒适度欠佳
刚 开始 穿 脚面 会 有点 勒 ,舒适度欠佳
买了 大号 ,行为建议
买了 件 都 特别 合身 ,尺码合适
这家 已经 买了 好几次 ,意向顾客
买了 好几次 ,意向顾客
买了 好多 次 ,意向顾客
买了 好多 竟然 没有 赠品 ,期待赠品
买了 码 ,行为建议
买了 就 六一八 活动 ,期待活动
买了 就 降 ,价格波动
物流 一级 赞 ,配送快
买了 就 降价 ,价格波动
买了 就 降价 ,价格波动
买了 就 降价 ,价格波动
买了 很多次 ,意向顾客
买了 很 快 就 降价 ,价格波动
买了 很 快 就 降价 伤感 ,价格波动
买了 情侣 很 不错 ,整体满意度佳
买了 情侣 衣 还 行 活动 比较 划算 ,优惠活动
买了 情侣 装 有点 薄 ,偏薄
买了 才 天 就 降价 ,价格波动
买了 才 天 就 降价 钱 ,价格波动
买了 才 穿 一次 就 降 ,价格波动
买了 最 大号 穿 起来 有型 ,版型不错
买了 最 尺寸 还是 稍 大 ,行为建议
买了 居然 合适 ,尺码合适
买了 正好 很 难脱 穿 ,穿脱困难
买了 比 平时 偏大 半码 ,行为建议
买了 比 平时 大一号 ,行为建议
买了 略 大一号 ,行为建议
买了 稍微 点 ,行为建议
买了 天 就 降价 ,价格波动
买了 穿 半天 线 崩 ,脱线
买了 穿着 舒服 ,舒适度佳
买了 第二天就到 ,配送快
买了 第二天就到 很 愉快 一次 购物 ,配送快
买了 天 就 降价 ,价格波动
买了 绝对 是 正品 ,原装正品
看看 挺 好看 就 没 换 ,颜色外形美观
买了 球 衣 没 见 过 差 ,整体满意度差
买了 家 包装 觉得 是 全 网 最 简陋 ,包装简陋
买了 多 耐克 鞋 从来 没有 味 大的 ,气味问题
买了 隔天就到 ,配送快
就是 料子 真心 凉快 ,透气
买 颜色 灰色 比 黑色 好看 样子 还 好 ,设计好
买 到 码 有点 大 ,行为建议
买 到 很 快 送到 感觉 很 棒 ,配送快
买 到 正品 ,原装正品
买 到 活动价 ,优惠活动
买 到 鞋 有 瑕疵 ,瑕疵
买 匡威 鞋 后跟 都 有点 污渍 ,存在污渍
买 厚 ,行为建议
买 爱答不理 ,回复速度慢
上 脚 也 很 舒服 ,舒适度佳
除了 太 大 没什么 可以 挑剔 ,偏大
买 回来 发现 图 不一样 ,与详情页不一致
买 回来 尺码 正好 ,尺码合适
买 回来 感觉 小了 ,行为建议
买 回来 没有 袋子 ,无品牌购物袋
买 回来 颜色 跟 图片 颜色 不一样 ,与详情页不一致
买 回来 看到 发现 比较 短 ,行为建议
买 回来 穿 上 果然 好看 ,颜色外形美观
买 回来 穿 刚好 合脚 ,尺码合适
买 回来 还 没 穿 鞋带 上 勾 勾 脱线 ,脱线
买 回来 都 舍 不得 穿 包裹性 很 好 ,包裹性强
买 回来 都 舍 不得 穿 很 舒服 ,舒适度佳
买 回来 降价 ,价格波动
买 大一号 刚刚 好 ,尺码合适
买 大一号 好 ,行为建议
买 大一号 穿着 舒服 ,舒适度佳
买 大一号 还是 挺 舒服 ,舒适度佳
买 大一码 ,行为建议
买 大一码 会 太 大了 ,偏大
买 大一码 刚好 ,尺码合适
买 大一码 才 勉强 穿 进去 ,行为建议
买 大一码 有点 宽松 ,行为建议
买 大一码 腰 大了 ,行为建议
买 大了 ,偏大
买 大了 只能 买 ,偏大
买 大了 号 ,偏大
买 大了 号 ,偏大
不过 还是 可以 质量 好 ,做工优良
买 大了 ,偏大
买 大了 挺 好的 ,偏大
买 大了 还 行 挺 好的 非常 轻 ,偏大
买 大了 码 ,偏大
面料 很 舒服 ,材质佳
买 大了 码 脚 有点 肥 刚刚 好 ,尺码合适
买 大了 要 买 身高 体重 臀围 ,偏大
款 袜子 很 吸汗 跑 起步 来 很 护 足 ,吸汗
买 大了 松垮 感觉 正好 配 热 狗 完美 ,偏大
买 大了 半码 ,偏大
买 大了 ,偏大
换 号 正好 ,尺码合适
总体 挺 舒服 ,舒适度佳
买 大了 有点 尴尬 也 不 想 换 ,偏大
买 大了 点 ,偏大
买 大了 穿不了 ,偏大
买 大了 还 行 ,偏大
买 半号 ,行为建议
买 半码 码 就 比较 有 馀 地 ,行为建议
买 半码 刚刚 合适 ,尺码合适
买 半码 刚刚 好 ,尺码合适
买 半码 刚好 舒服 ,舒适度佳
鞋 型 也 是 偏小 巧 ,偏小
很 舒服 鞋 型 ,舒适度佳
买 半码 正好 ,尺码合适
买 完 东西 爱答不理 ,回复速度慢
买 完 就 活动 降价 ,优惠活动
买 完 一天 就 发现 降价 ,价格波动
买 完 天 就 降价 ,价格波动
买 完 半个 月 就 降价 ,价格波动
买 完 售后 真 特 么 垃圾 ,客服态度差
买 完 就 降 ,价格波动
买 完 就 降 ,价格波动
买 完 就 降价 ,价格波动
买 完 就 降价 ,价格波动
买 完 就 降价 ,价格波动
买 完 就 降价 有点 郁闷 裤子 还是 挺 满意 ,价格波动
买 完 就 降价 什么鬼 ,价格波动
买 完 就 降价 零分 ,价格波动
买 完 就 降价 心塞 ,价格波动
买 完 就 降价 难以 接受 ,价格波动
买 完 没多久 就 降价 ,价格波动
买 完 立 马 打折 ,价格波动
买 完 还 没 穿 就 降价 ,价格波动
买 完 隔 一天 就 到 ,配送快
买家 发货 速度 真是 太 快 ,发货快
买家 可以 放心 ,行为建议
买家 服务 态度 好 ,客服态度好
买家 服务 态度 很 好 ,客服态度好
买 小一号 ,行为建议
买 小一号 就 好 ,行为建议
买 小一码 刚好 ,尺码合适
买 小一码 很 合适 ,尺码合适
买 小了 ,偏小
买 小了 买 ,偏小
买 小了 号 老公 说 有点 作用 ,偏小
买 小了 ,偏小
买 小了 码 ,偏小
买 小了 码 刚刚 好 ,尺码合适
买 小了 码 还 觉得 大 ,偏小
买 小了 又 换 大一码 ,偏小
买 小了 只能 穿 ,偏小
买 小了 点 ,偏小
买 码 穿 出来 效果 好 相信 ,行为建议
买 得 值 ,性价比高
买 时 也 没 跟 说 会 降价 ,价格波动
买 时 很 划算 ,性价比高
买 最 号 有点 短 ,行为建议
买 裤子 包 那么大 盒子 ,包装尺寸不合适
买 来 健身 用 包裹性 很 好 ,包裹性强
验证 过 是 正品 ,原装正品
穿 上 舒服 袖子 比较 有 感觉 ,舒适度佳
买 来 收到 有 污渍 ,存在污渍
买 来 时候 特别 硬 ,偏硬
买 来 有点 脱胶 ,脱胶
买 来 根本 就 穿 不 进去 ,穿脱困难
买 来 洗 一次 就 变小 ,缩水
买 来 穿 一次 就 起毛 ,起球
买 来 练 瑜 伽 穿 很 舒服 ,舒适度佳
买 来 耐克 标志 就 开胶 ,脱胶
买 来 跑步 搽 汗 ,描述吸汗
试 下 刚刚 好 ,尺码合适
买 来 送 人 挺 好看 ,颜色外形美观
买 正品 ,原装正品
买 正品 不是 有 部分 因素 就是 买 ,正品与否
买 正品 真的 很 重要 ,原装正品
买 正常 码 就 行 ,行为建议
买 正码 就 正好 ,尺码合适
买 指头 ,行为建议
买 也 挺 好 ,整体满意度佳
买 码 略 宽松 ,宽松
买 正 合适 ,尺码合适
买 码 正好 ,尺码合适
买 码 很 合适 ,尺码合适
买 有点 大 ,行为建议
买 还是 特别 难受 ,舒适度欠佳
买 码 款 长度 刚刚 好 ,尺码合适
买 号 刚好 ,尺码合适
买 号 合适 ,尺码合适
买 码 偏大 ,偏大
买 码 是 最好 看 ,颜色外形美观
买 还是 买 大了 ,偏大
买 感觉 小了 点 ,行为建议
买 还 挺 合身 ,尺码合适
买 还是 略微 有点 大 ,行为建议
买 都 很大 ,行为建议
买 太 大了 ,偏大
买 也 划算 ,性价比高
买 也 很 便宜 ,性价比高
买 偏小 码 还是 大的 太 多 ,行为建议
买 内衣 内裤 全 大了 ,偏大
买 刚刚 好 ,尺码合适
买 另 质量 有点 问题 ,做工粗糙
买 另外 件 超级大 ,行为建议
买 号 很 合身 ,尺码合适
买 合适 ,尺码合适
买 大小 刚刚 好 ,尺码合适
买 号 很 合适 ,尺码合适
买 平时 穿 码 竟然 还 觉得 有点 大 ,行为建议
买 很 值 ,性价比高
买 很 划算 ,性价比高
买 很 合身 ,尺码合适
买 情侣 还 可以 ,整体满意度佳
买 时候 降价 很 快 ,价格波动
买 时候 信息 回复 都 很 快 ,回复速度快
买 时候 建议 偏大 半码 买 ,行为建议
买 时候 没 货 ,库存情况
买 最好 看 鞋子 ,颜色外形美观
买 最 号 也 很 长 ,行为建议
买 最 小我 还是 有点 小 ,行为建议
买 最 差 耐克 ,整体满意度差
买 有点 大 ,行为建议
买 有点 大了 ,偏大
买 有点 大成 宽松 ,行为建议
买 有点 小了 没有 松垮 感觉 ,行为建议
买 件 都 很 合身 ,尺码合适
穿 上 还有 略 小 ,偏小
买 男 款 穿着 正好 ,尺码合适
买 稍 大了 ,偏大
买 稍微 有点 大了 ,偏大
买 ,意向顾客
很 舒服 实战 够 用 ,舒适度佳
穿 船 袜 走 起 路 也 很 漂亮 ,颜色外形美观
买 第二天就到 货 ,配送快
买 ,意向顾客
不过 真 好看 ,颜色外形美观
买 还是 买 大了 ,偏大
买 绝对 值 ,性价比高
买 大概 往 码 买 ,行为建议
买 还 挺 合适 ,尺码合适
买 件 有 瑕疵 ,瑕疵
买 度 偏窄 ,偏窄
买 ,意向顾客
买 给 儿子 上 幼儿园 比较 轻 不错 ,轻巧轻便
买 给 儿子 还 行 ,整体满意度佳
买 给 公 公 说 鞋子 很 难 穿 很 难 穿 ,穿脱困难
买 给 同学 很 喜欢 也 说 很 好看 ,颜色外形美观
买 给 女朋友 穿 起来 正 合适 ,尺码合适
买 给 妈妈 挺 好的 ,整体满意度佳
买 给 姨 说 还 行 ,整体满意度佳
客服 一流 很 满意 一次 购物 ,客服态度好
买 给 大小 合适 舒服 ,尺码合适
买 给 爸 生日 礼物 很 喜欢 号 正好 ,尺码合适
不过 是 见 过 最 慢 顺丰 ,配送慢
买 给 朋友 朋友 穿着 觉得 挺 舒服 还 不错 ,舒适度佳
物流 也 很 快 哈 满意 ,配送快
物流 很 快 朋友 也 喜欢 ,配送快
买 给 爸爸 说 太 厚 ,偏厚
买 给 爸爸 说 太 长 ,偏长
买 给 爸爸 很 喜欢 ,行为建议
挺 好 快递 也 无敌 快 ,配送快
女生 穿 也好 看 ,颜色外形美观
不愧 是 质量 就是 好 ,做工优良
不过 挺 薄 ,偏薄
买 给 老 爸 不错 ,整体满意度佳
买 耐克 不用 到 实体店 去 摸 就 晓得 质量 不会 差 ,做工优良
买 贵 ,性价比低
买 贵 看 别 家 一样 多 ,性价比低
很 舒服 鞋 徒 步 必备 赞 ,舒适度佳
买 过 一次 穿 蛮 好 ,整体满意度佳
买 过 不同 牛仔裤 舒适度 都 很 好 ,舒适度佳
买 过 最 合适 训练 裤 ,尺码合适
买 过来 一看 就 像 是 假 才 穿 天 ,正品与否
买 过 都 说 好 ,整体满意度佳
买 过 长袖 看到 款 短袖 又 购入 同一 色 穿 上 特别 舒服 ,舒适度佳
买 码数 合适 ,尺码合适
买 颜色 就 比 白 边 耐脏 ,耐脏
买 鞋 询问 号码 客服 也 很 不 专业 ,业务知识欠缺
买 高仿 ,正品与否
乳 液 有点 厚 推 开 还 可以 香 气 小 公 主 包装 喜欢 ,包装完好
乳 味道 还 可以 ,整体满意度佳
很 久 很 久 都 没 发货 ,发货慢
事 毫无 担当 ,处理不积极
事实 是 平时 码 买 码 一样 磨脚 ,磨脚
事实 证明 还是 有 一点点 偏小 ,偏小
事情 处理 很 快 ,处理积极
代 鞋垫 舒服 ,舒适度佳
件 好看 ,颜色外形美观
小时 就 到 ,配送快
天 时间 就 到 ,配送快
是 描述 还是 有点 差距 ,与详情页不一致
是 水洗 标 尺码 标 都 扎 要 死 ,舒适度欠佳
是 磨脚 最 骨头 ,磨脚
二次 购买 非常 好 ,意向顾客
多 个人 觉得 超 值 ,性价比高
维 角度 看 本 款 肩 设计 实物 店家 图片 有 明显 差异 ,与实体店不一致
说说 鞋子 味道 ,气味问题
分 好评 ,整体满意度佳
分 好评 ,整体满意度佳
分 好评 顺丰快递 给力 ,配送快
天 都 没有 回答 问题 ,回复速度慢
五折 ,优惠活动
五折 买 很 划算 ,性价比高
五折 很 划算 顺丰 很 快 ,优惠活动
五折 很 划算 顺丰 很 快 ,配送快
五折 超 值 ,优惠活动
五星 好评 ,整体满意度佳
五星 好评 ,整体满意度佳
五星 好评 谢谢 售后 号 客服 服务 ,客服态度好
五星 好评 ,整体满意度佳
五星 好评 五星 好评 ,整体满意度佳
五星 好评 棒 棒 ,整体满意度佳
五星 物流 ,配送快
五星 赞 ,整体满意度佳
中 国产 ,产地信息
感觉 买了 假货 ,正品与否
多 价格 也 非常 给力 ,性价比高
亚 码 衣服 就是 小 ,偏小
许 溢胶 不过 没关系 ,溢胶
产品 一如既往 好 ,整体满意度佳
产品 下架 ,库存情况
产品 不错 ,整体满意度佳
产品 不错 物流 也 比较 满意 ,配送快
产品 包装 也 感觉 比 更 好 ,包装完好
产品 可以 就是 没有 袋子 ,无品牌购物袋
产品 垃圾 ,整体满意度差
产品 好 ,整体满意度佳
产品 好 发货 快 ,发货快
产品 很 好 ,整体满意度佳
产品 很 差 ,整体满意度差
产品 性价比 可以 ,性价比高
产品 挺 好的 ,整体满意度佳
产品 是 很 好 客服 太 机械 化 ,回复机械
产品 真 好 ,整体满意度佳
产品 细节 也 很 好 ,整体满意度佳
产品 质量 不行 ,做工粗糙
产品 质量 不错 ,做工优良
产品 质量 也 很 棒 ,做工优良
产品 质量 也 没话说 ,做工优良
产品 质量 做工 都 不错 ,做工优良
产品 质量 好 ,做工优良
产品 质量 很 好 ,做工优良
产品 质量 绝对 没有问题 ,做工优良
产品 跟 专卖店 完全 一致 ,与实体店一致
产品 还 可以 哈 ,整体满意度佳
产地 不是 中国 ,产地信息
产地 不是 中国 ,产地信息
产地 中国 ,产地信息
产地 印尼 ,产地信息
产地 印度尼西亚 ,产地信息
产地 斯里兰卡 ,产地信息
产地 是 中国 ,产地信息
产地 是 印尼 ,产地信息
产地 是 印度尼西亚 ,产地信息
产地 是 土耳其 ,产地信息
产地 是 外国 进口 ,产地信息
产地 是 最 差 扬州 ,产地信息
产地 是 越南 ,产地信息
产地 泰国 ,产地信息
产地 看 着 是 越南 ,产地信息
产地 越南 ,产地信息
产地 越南 ,产地信息
产地 福建 莆田 ,产地信息
亮 好看 ,颜色外形美观
亲 媳妇 说 非常 舒服 ,舒适度佳
亲 测 正品 ,原装正品
亲爱 很 喜欢 ,整体满意度佳
亲肤 容易 皱 ,褶皱
人 多 发货 有点 慢 可以 理解 ,发货慢
二话不说 天 退 差价 ,商家补偿
又 不是 不 退 换 ,退换货
好 ,整体满意度佳
说 还 可以 ,整体满意度佳
都 说 好看 ,颜色外形美观
人工客服 很 慢 ,回复速度慢
人工 服务 休假 去 ,正品与否
人工 服务 像 机器人 一直 自动 回复 ,机器人回复
人 很 好 ,整体满意度佳
人生 差评 ,整体满意度差
人 皆 赞 不已 ,整体满意度佳
人 造 很 舒服 ,舒适度佳
人 造 鞋子 价格 ,性价比低
叫 好 鞋 ,整体满意度佳
垃圾 售后服务 ,客服态度差
垃圾 旗舰店 ,整体满意度差
快递 不是 次 达 不是 次日 达 ,描述快递
态度 ,客服态度差
态度 阿 ,客服态度差
服务 态度 ,客服态度差
服务 都 可以 ,客服态度好
价钱 质量 好评 ,做工优良
破 鞋 味道重 还 脏 层 灰 拍 都 拍 不 掉 ,描述耐脏
赠品 都 没有 ,期待赠品
赠品 都 没有 收到 ,期待赠品
都 不 想 说 直接 差评 ,整体满意度差
都 不懂 还 误导 人 ,业务知识欠缺
都 可以 ,整体满意度佳
都 好 ,整体满意度佳
都 很 好 ,整体满意度佳
都 比 阿 质量 好 ,做工优良
都 没 送 ,期待赠品
都 能 用 官方 话 把 糖塞 ,回复机械
仅仅 穿 一天 鞋底 后跟 有 明显 磨损 ,不耐磨
仅 供 买家 参考 很 满意 服务 ,客服态度好
仅 有的 优惠券 活动 也 没 参与 得 上 ,期待活动
仅 有的 几次 差评 送给 家 ,整体满意度差
也 会 一直 买 ,意向顾客
还 会 光顾 ,意向顾客
还 会 继续关注 ,意向顾客
今天 早就 到 ,配送快
今天 就 到 ,配送快
今天 鞋 就 到 家 ,配送快
今天 上来 评价 又 发现 鞋子 严重 降价 ,价格波动
今天 就 到 ,配送快
今天 就 到 鞋子 好好看 ,配送快
今天 就 到 ,配送快
今天 就 到 惠州 ,配送快
今天 仔细 看 鞋子 有点 瑕疵 ,瑕疵
今天 儿子 回来 穿 挺 舒服 ,舒适度佳
今天 刚刚 发现 是 假 ,正品与否
今天 刚 到 ,无效信息
今天 刚 拿到 手 穿 上去 还 蛮 舒服 ,舒适度佳
今天 到 货 感觉 还 可以 物流 很 快 ,配送快
今天 实战 非常 不错 就是 包裹性 不咋的 ,包裹性差
今天就到 ,配送快
今天就到 ,配送快
今天就到 地方 ,配送快
今天就到 货 ,配送快
今天就到 货 ,配送快
今天 决定 给 差评 ,整体满意度差
今天 收到 看 是 正品 ,原装正品
今天 多 就 到 ,配送快
今天 就 到 ,配送快
今天 就 到 ,配送快
今天 就 到 脚感 也 很 好 ,配送快
今天 点 多 就 到 ,配送快
今天 来 问 客服 清洗 问题 ,清洁保养
今天 洗 褪色 ,掉色
今天 特意 穿 一天 是 正品 ,原装正品
今天 穿 圈 太 好 穿 ,尺码合适
今天 穿着 出门 很 舒服 ,舒适度佳
今天 穿着 走 走路 挺 舒服 ,舒适度佳
今天 穿 走 里 路 感觉 鞋底 很 硬 ,偏硬
今天 超 包脚 ,包裹性强
今天 降 多 钱 ,价格波动
买 款 都 薄 ,偏薄
双十一 毫不犹豫 地 下手 ,优惠活动
双十一 物流 是 惊喜 ,优惠活动
双十一 真的 太 便宜 ,优惠活动
双十一 送货 速度 提 速 ,配送快
拍 款 卫衣 尺码 偏大 换货 最 码 自己 要是 尺码 小 可以 给 女儿 穿 ,偏大
流行 款式 ,设计好
特别 喜欢 粉色 ,整体满意度佳
款 感觉 不错 ,整体满意度佳
比 好看 ,颜色外形美观
运气 还 算 不错 ,整体满意度佳
上身 还 算 洋气 ,设计好
再次 光顾 ,意向顾客
洗 好 试 ,整体满意度佳
小白 鞋 很 喜欢 ,整体满意度佳
介绍 码数 也 合适 ,尺码合适
仍旧 舒适 ,舒适度佳
仍然 太 长 ,偏长
仍然 挤 脚 ,舒适度欠佳
仍然 磨脚 ,磨脚
上海 到 北京 隔天就到 ,配送快
上海 到 大理 一天 就 到 ,配送快
下 单 到 收货 只是 一天 时间 太 快 ,配送快
穿 竟然 臭 脚 ,闷气
看 看 真的 很 好看 ,颜色外形美观
南京 到 天津 一天 就 到 ,配送快
外观 看 质量 ok ,做工优良
从来 不 臭 脚 ,透气
从来 未 曾 给 过 差评 ,整体满意度差
从来 没 接 过 快 快递 ,配送快
从来 没有 见 过 差 包装 ,包装简陋
从来 没有 甲醛 气味 衣服 ,气味问题
快递 隔天就到 发 顺丰 ,配送快